customer_id,age,gender,region,units_sold,price_per_unit,discount_percent,rating,is_returned,days_to_delivery
1,56,0,3,47,495,15,3.1,1,7
2,46,0,4,46,270,10,2.6,0,10
3,32,0,4,19,92,20,2.2,0,5
4,60,0,1,13,482,5,4.2,0,7
5,25,1,3,42,341,5,2.1,1,14
6,38,1,2,21,427,10,3.9,1,4
7,56,0,3,37,157,0,1.8,1,13
8,36,0,1,27,315,10,2.0,1,10
9,40,0,4,29,144,15,2.3,0,13
10,28,0,4,20,311,5,3.4,0,7
11,28,0,1,25,362,5,2.8,1,2
12,41,1,2,6,434,5,4.0,1,7
13,53,1,4,36,120,0,1.9,1,4
14,57,1,5,2,491,0,1.0,1,4
15,41,1,4,22,268,20,4.1,0,1
16,20,0,5,32,70,10,4.3,1,12
17,39,0,1,16,141,10,1.2,0,3
18,19,0,1,18,176,15,3.4,1,5
19,41,0,4,5,129,5,2.5,1,5
20,61,0,3,36,361,0,4.2,1,2
21,47,1,5,30,287,15,4.5,0,4
22,55,0,2,45,421,15,4.4,1,1
23,19,1,4,19,453,0,4.1,0,9
24,38,1,2,23,231,10,2.1,0,1
25,50,1,4,34,74,5,4.2,1,6
26,29,1,3,13,205,10,3.1,0,7
27,39,0,3,43,54,15,1.2,0,3
28,61,1,3,29,169,5,2.8,0,12
29,42,1,3,36,326,20,4.8,1,1
30,44,1,1,22,67,15,4.6,0,7
31,59,0,1,47,480,10,1.4,0,3
32,45,0,5,36,247,10,4.0,1,13
33,33,0,2,9,106,10,4.2,1,10
34,32,1,4,39,142,0,2.1,0,12
35,64,1,4,19,68,15,2.9,0,12
36,61,0,1,38,433,5,3.8,0,6
37,20,1,4,6,402,10,2.8,0,13
38,54,0,1,47,242,10,1.5,1,12
39,24,0,5,15,286,0,3.8,1,14
40,38,1,2,20,436,5,4.6,0,6
41,26,1,5,9,475,15,3.6,1,14
42,56,1,3,32,326,20,4.1,0,12
43,35,1,3,4,276,0,2.4,1,4
44,21,0,3,18,282,15,1.7,1,12
45,42,0,5,5,89,20,3.6,0,11
46,31,0,4,20,372,10,2.3,0,6
47,26,0,2,23,202,10,4.4,0,11
48,43,0,3,11,176,5,1.5,0,10
49,19,1,3,37,286,20,2.7,1,4
50,37,0,3,22,104,10,2.6,1,13
51,45,0,2,4,485,10,4.8,0,8
52,64,0,3,29,221,5,1.6,1,9
53,24,1,2,44,158,15,1.0,1,2
54,61,1,3,34,403,10,2.0,0,7
55,25,1,5,13,233,0,4.3,0,9
56,64,1,5,42,488,0,1.8,1,9
57,52,0,2,9,417,15,2.0,0,12
58,31,0,5,42,247,20,1.5,0,5
59,34,1,2,31,420,5,3.9,1,1
60,53,1,5,7,422,0,1.3,1,6
61,57,0,5,4,136,0,2.3,0,8
62,21,0,2,19,250,15,2.1,1,1
63,19,1,4,42,386,20,3.2,0,2
64,23,1,5,30,371,20,3.9,0,13
65,59,1,3,31,324,15,3.1,1,13
66,21,1,4,35,260,0,4.7,1,1
67,46,0,2,21,440,5,4.8,0,5
68,35,0,4,31,167,0,2.4,0,2
69,43,0,1,19,240,20,4.1,0,10
70,61,1,1,31,91,0,4.0,1,10
71,51,1,5,32,91,5,4.6,0,14
72,27,0,5,2,364,10,2.8,1,4
73,53,0,3,10,325,0,3.1,0,1
74,31,0,4,2,378,15,2.7,1,7
75,48,0,1,2,66,10,4.4,0,8
76,32,1,5,24,332,15,1.9,1,5
77,25,0,4,17,480,15,2.0,0,2
78,31,0,5,32,307,15,2.5,0,8
79,40,0,5,16,112,0,1.9,0,1
80,57,0,1,16,111,20,3.2,0,7
81,38,0,1,46,149,10,1.5,1,1
82,33,0,5,39,68,5,2.3,1,12
83,62,0,2,31,66,20,4.7,1,6
84,35,1,5,43,374,0,2.6,1,13
85,64,1,5,24,472,15,4.0,1,6
86,41,1,3,1,422,5,1.5,0,5
87,43,1,3,11,295,10,2.0,1,2
88,42,0,3,21,300,20,4.2,1,2
89,62,1,2,4,130,20,4.1,1,9
90,58,1,2,7,88,5,2.5,1,5
91,46,0,5,26,85,0,4.8,0,5
92,32,0,3,47,473,10,4.6,0,7
93,62,1,2,12,478,5,4.8,0,6
94,18,1,1,31,437,15,2.7,0,2
95,42,0,5,17,458,10,1.8,1,11
96,24,1,4,33,246,20,3.5,1,1
97,26,0,5,11,207,5,3.7,0,5
98,41,0,4,28,253,20,1.5,0,4
99,18,0,3,32,245,20,4.1,1,12
100,61,0,4,1,265,20,1.1,1,3
101,25,1,3,47,334,0,2.9,0,2
102,41,0,1,28,245,20,2.3,0,10
103,28,0,4,42,356,15,4.0,0,2
104,34,1,5,7,201,15,2.3,0,14
105,25,0,3,2,63,10,4.3,1,4
106,52,1,5,42,374,20,3.4,1,2
107,52,1,2,24,195,20,4.2,1,4
108,50,1,3,4,475,5,5.0,0,3
109,22,0,4,44,106,0,3.7,1,9
110,59,1,3,19,260,10,4.9,1,7
111,56,1,5,26,317,20,1.1,0,14
112,58,0,1,11,259,5,2.4,0,13
113,45,1,3,40,66,0,1.4,0,11
114,24,1,4,43,335,10,2.0,0,12
115,26,1,2,11,393,10,4.4,0,3
116,25,1,1,45,252,20,1.1,0,13
117,29,1,2,3,148,10,3.1,1,14
118,51,0,3,12,328,5,3.3,1,8
119,50,1,5,3,258,10,3.2,1,9
120,40,1,5,42,178,15,2.9,1,13
121,41,0,4,27,384,5,4.2,1,7
122,54,0,5,49,337,0,1.5,1,6
123,52,0,1,2,301,0,2.2,0,4
124,61,1,5,49,314,20,3.5,0,5
125,57,0,4,16,320,20,3.8,0,8
126,39,1,3,2,461,15,2.6,1,3
127,44,1,3,30,457,0,4.5,1,2
128,52,0,5,20,237,0,2.7,0,3
129,18,0,2,38,468,0,2.6,0,12
130,52,1,3,28,263,0,1.1,0,7
131,54,0,5,25,332,10,3.2,0,8
132,64,1,4,32,260,5,3.8,0,1
133,31,0,5,10,414,5,1.5,1,13
134,20,0,3,42,125,15,2.2,1,7
135,18,0,4,40,197,10,4.1,1,9
136,22,1,5,33,370,0,2.5,0,12
137,43,0,1,13,262,0,2.0,1,13
138,31,1,4,41,482,20,3.7,0,14
139,56,1,1,42,158,20,1.8,1,14
140,44,1,2,47,178,15,4.6,0,3
141,26,1,4,37,59,0,1.4,0,3
142,32,0,1,16,96,15,3.8,1,8
143,32,1,3,45,428,10,3.0,1,4
144,43,1,3,22,364,5,4.5,1,14
145,59,0,2,20,145,0,1.5,1,8
146,30,1,4,43,495,10,3.7,1,5
147,49,0,4,27,152,0,3.3,0,14
148,56,1,4,41,429,20,2.9,1,3
149,49,0,2,16,391,15,3.0,1,4
150,21,1,4,34,195,20,3.9,0,14
151,47,0,3,32,417,5,4.8,1,4
152,54,1,1,26,479,20,1.4,0,8
153,40,1,3,25,465,0,1.1,1,6
154,56,0,3,2,76,20,4.2,1,7
155,62,0,1,12,269,0,1.4,0,9
156,32,0,3,40,67,5,4.9,1,6
157,60,0,2,9,216,20,3.5,1,3
158,46,1,1,12,482,15,3.6,1,13
159,53,1,3,26,131,15,1.8,1,3
160,30,0,5,9,477,15,2.0,0,11
161,49,1,3,10,121,20,3.6,0,3
162,24,0,2,32,359,20,4.6,1,12
163,39,0,4,34,303,20,4.9,1,10
164,45,1,3,48,211,0,1.8,0,2
165,19,1,4,20,376,5,1.5,0,1
166,59,1,5,39,469,15,1.2,1,11
167,62,1,3,2,451,0,4.5,0,10
168,23,1,1,1,87,15,2.2,0,1
169,45,1,4,36,492,0,1.0,0,4
170,45,1,5,24,442,20,1.9,0,3
171,61,0,1,27,250,15,2.4,1,5
172,61,0,1,2,249,20,5.0,0,12
173,37,0,1,31,304,15,3.1,1,9
174,47,0,1,14,228,10,1.8,1,12
175,28,0,3,2,84,0,2.3,0,13
176,45,1,3,29,131,10,2.3,1,8
177,42,0,3,15,438,0,1.1,1,12
178,56,0,5,12,447,5,1.5,0,9
179,50,0,5,37,269,15,3.8,0,13
180,18,0,5,28,207,5,1.5,0,5
181,44,0,2,20,53,5,1.9,1,8
182,30,0,5,39,216,0,2.4,1,4
183,58,0,3,24,497,10,4.0,1,5
184,20,1,3,21,458,20,3.3,1,12
185,56,1,2,10,461,0,3.8,0,3
186,23,0,2,46,253,20,3.3,1,5
187,25,1,5,14,243,5,3.7,0,12
188,44,1,4,37,284,20,1.0,0,3
189,26,1,2,18,255,10,4.7,0,5
190,54,1,1,24,199,0,1.4,0,11
191,50,0,3,14,208,10,2.6,1,14
192,59,1,1,34,328,10,4.1,0,5
193,61,1,3,12,353,0,2.7,1,6
194,41,1,3,22,453,10,4.8,0,9
195,32,0,2,6,430,15,2.9,0,1
196,49,0,2,36,215,15,4.5,0,12
197,49,0,1,45,360,15,4.2,1,10
198,41,0,3,36,117,20,4.9,0,14
199,58,0,1,22,137,10,4.7,0,6
200,29,0,4,14,266,0,4.6,0,1
201,56,0,1,16,50,0,3.9,0,6
202,19,1,5,36,184,20,2.5,1,2
203,20,1,1,25,234,0,1.4,1,8
204,54,1,5,32,400,15,3.8,0,11
205,34,0,5,33,189,10,4.9,0,3
206,19,0,5,45,155,0,3.9,1,10
207,19,0,4,36,182,0,4.7,1,14
208,45,0,1,20,157,5,4.2,1,6
209,40,0,1,18,227,5,1.7,0,6
210,54,1,4,38,347,5,2.0,1,4
211,49,1,3,3,407,10,2.4,0,5
212,50,0,2,23,429,15,1.7,1,2
213,18,0,1,32,445,15,3.3,1,10
214,36,0,2,45,408,15,4.9,0,10
215,19,0,4,16,195,10,4.0,1,8
216,61,1,3,5,499,10,2.7,0,10
217,43,0,3,4,123,5,1.0,1,7
218,49,0,3,21,157,0,2.3,0,10
219,23,0,4,40,171,20,3.1,1,6
220,49,0,5,14,66,20,2.3,1,7
221,21,1,5,39,245,0,1.4,0,12
222,28,0,2,31,376,5,2.8,0,1
223,34,0,5,14,367,0,2.0,0,14
224,55,1,5,6,346,0,4.6,0,14
225,41,1,3,12,301,20,1.4,1,5
226,22,1,3,16,168,5,1.2,1,7
227,51,0,2,17,211,10,1.0,1,1
228,23,0,1,45,247,20,2.3,1,2
229,39,1,2,23,94,10,3.6,1,9
230,28,1,2,14,363,5,3.9,1,12
231,33,1,4,7,228,0,2.8,0,3
232,50,1,4,46,431,15,3.7,1,6
233,26,1,2,32,467,15,2.4,1,7
234,23,1,2,15,93,5,3.7,0,9
235,33,0,2,44,320,15,1.2,1,5
236,46,0,5,17,127,10,2.6,1,4
237,20,0,4,41,375,15,4.2,1,11
238,37,1,2,47,227,5,4.2,0,12
239,53,1,3,44,406,5,3.9,0,2
240,36,1,3,34,465,10,1.8,1,3
241,43,1,5,5,52,15,2.0,0,5
242,20,1,5,45,263,15,5.0,1,11
243,36,1,1,27,391,0,1.4,1,13
244,37,0,1,23,123,20,1.7,1,2
245,49,0,1,40,100,5,1.5,0,13
246,24,1,5,14,116,0,2.3,1,4
247,58,0,5,15,381,5,1.8,1,1
248,50,1,5,43,142,0,3.0,1,4
249,57,0,3,33,225,20,2.9,1,7
250,56,1,5,31,194,0,4.6,1,14
251,35,1,3,35,56,5,1.1,0,12
252,57,0,1,17,318,15,2.3,1,3
253,18,0,1,28,425,5,3.4,0,10
254,28,1,1,19,371,10,3.4,1,8
255,45,1,2,46,53,10,2.9,0,6
256,42,0,2,23,187,10,4.3,1,6
257,40,0,4,32,280,10,1.3,1,14
258,48,1,4,40,137,20,4.3,0,1
259,47,0,4,13,66,15,3.0,0,5
260,59,1,2,20,101,15,1.5,1,3
261,52,1,2,35,183,5,4.5,0,10
262,24,1,4,5,260,0,3.6,0,1
263,33,1,4,9,374,5,1.7,1,8
264,43,0,5,29,442,5,1.1,1,7
265,19,0,4,6,268,5,1.6,1,7
266,18,0,5,25,254,5,3.4,1,12
267,29,0,3,31,260,15,1.7,1,10
268,22,0,2,22,326,0,1.9,0,14
269,54,0,4,2,73,5,1.1,1,10
270,49,0,2,45,53,15,3.9,0,10
271,26,1,2,5,201,5,4.2,1,4
272,58,0,2,27,492,10,4.2,1,13
273,52,0,3,25,308,5,1.5,0,11
274,36,1,1,8,373,5,4.6,1,6
275,33,0,4,1,406,20,3.7,0,13
276,20,0,1,20,217,10,4.6,0,9
277,37,1,1,44,225,0,2.8,0,14
278,41,0,1,23,359,5,2.7,1,3
279,50,0,2,32,340,0,4.1,1,9
280,41,0,5,11,105,10,1.4,1,4
281,28,1,2,39,157,5,3.1,1,5
282,25,0,2,47,345,20,4.3,1,7
283,53,0,1,24,373,15,4.3,1,6
284,55,1,2,11,351,20,4.8,0,10
285,57,0,1,29,383,20,3.8,1,8
286,37,1,5,26,190,15,1.8,1,8
287,52,1,4,16,204,15,1.1,1,8
288,42,0,1,35,311,15,2.9,1,3
289,52,1,5,20,322,5,3.1,0,14
290,42,1,4,46,469,0,2.0,0,10
291,46,0,3,3,281,0,1.5,0,6
292,35,1,1,1,290,15,3.3,0,7
293,63,1,1,47,404,20,4.1,0,9
294,35,0,3,1,386,10,5.0,1,10
295,19,0,3,17,307,15,4.0,0,10
296,52,0,1,2,298,20,4.2,0,14
297,33,1,3,29,126,20,3.5,1,12
298,58,0,2,20,229,5,4.9,1,4
299,53,1,4,6,115,5,3.6,0,5
300,50,1,4,8,357,0,4.4,1,8
301,21,1,4,29,397,0,4.8,1,1
302,50,1,2,48,220,10,4.7,0,12
303,31,1,3,33,71,10,2.5,1,6
304,38,1,5,3,416,10,1.3,0,4
305,37,1,3,35,156,10,1.7,0,5
306,25,0,1,5,488,20,1.2,1,11
307,24,0,4,27,372,20,1.4,0,5
308,20,1,3,44,276,0,1.7,0,2
309,34,1,5,12,493,5,2.4,1,8
310,50,0,1,20,491,5,3.2,1,2
311,29,1,2,45,445,15,3.8,1,4
312,39,0,2,20,265,20,1.8,1,12
313,39,0,5,9,118,10,3.7,0,13
314,63,0,1,39,133,10,3.8,1,5
315,47,1,4,4,152,15,3.2,1,14
316,55,1,3,19,88,5,4.6,0,1
317,55,0,1,38,62,10,1.4,0,6
318,62,0,2,27,346,5,1.7,0,2
319,25,0,5,45,362,15,2.7,0,14
320,44,0,5,43,230,5,1.5,1,5
321,44,0,3,13,317,5,3.3,1,6
322,51,1,5,13,62,5,2.6,0,11
323,38,0,5,22,169,10,2.1,0,8
324,47,1,1,28,402,0,1.7,0,9
325,50,0,4,47,106,20,2.3,0,13
326,45,1,3,45,89,5,3.4,1,12
327,64,1,1,22,423,5,3.3,0,6
328,50,1,4,43,385,5,1.7,1,5
329,22,1,1,19,177,0,1.5,0,12
330,36,1,1,8,222,15,1.1,1,4
331,21,1,5,8,84,10,1.0,1,2
332,52,0,4,42,308,0,4.5,1,2
333,34,1,3,26,425,5,1.2,1,7
334,61,0,3,48,54,0,3.9,0,5
335,45,1,4,26,267,0,4.5,1,7
336,47,1,5,23,60,0,1.4,0,13
337,46,0,2,43,431,15,2.7,1,11
338,63,1,1,13,376,20,4.8,1,1
339,23,0,5,28,166,10,4.3,0,1
340,52,0,4,9,233,15,3.0,0,5
341,58,0,1,20,443,15,4.1,1,2
342,54,0,3,19,411,20,4.3,1,8
343,41,1,2,48,165,15,2.4,0,14
344,46,1,3,39,211,0,4.6,1,3
345,63,0,4,12,116,0,2.9,0,1
346,48,1,1,15,249,5,3.1,0,13
347,52,1,4,31,80,15,5.0,0,2
348,50,0,1,14,124,5,4.4,1,10
349,38,1,5,11,286,10,2.4,1,10
350,49,0,2,26,376,0,1.0,0,7
351,40,0,5,42,115,10,3.5,0,6
352,50,1,5,27,119,20,3.8,0,12
353,20,1,4,11,346,0,3.6,0,8
354,35,1,2,38,496,10,4.9,1,7
355,42,0,1,34,465,20,4.5,0,14
356,59,0,1,43,69,10,2.8,1,10
357,48,1,3,19,490,20,1.3,0,13
358,20,1,1,6,275,20,2.9,1,8
359,57,1,4,46,483,0,3.8,1,3
360,63,1,5,38,458,5,3.4,1,6
361,41,0,5,49,445,20,3.2,1,13
362,49,1,5,42,248,20,2.9,1,7
363,64,0,2,28,88,0,2.2,0,10
364,39,0,1,1,194,5,2.1,0,11
365,40,1,4,35,94,15,3.0,1,1
366,19,1,2,40,444,15,1.6,0,1
367,44,1,3,8,375,5,2.4,0,7
368,59,0,4,47,430,10,2.3,0,13
369,19,1,4,7,456,0,3.3,0,11
370,43,1,4,11,140,5,1.3,0,13
371,34,0,5,39,287,15,4.3,0,3
372,57,1,4,4,119,20,3.2,0,3
373,50,0,1,25,215,15,3.7,1,5
374,26,1,4,12,179,20,3.8,0,11
375,60,0,5,26,263,0,2.2,0,6
376,56,1,4,38,389,20,2.9,0,2
377,46,1,3,46,138,5,4.8,1,3
378,59,0,3,12,384,20,4.1,1,6
379,43,0,5,43,301,10,4.9,0,3
380,52,1,1,37,418,5,4.0,1,14
381,42,0,1,46,398,0,1.7,1,5
382,41,0,2,24,121,5,1.3,0,9
383,30,0,5,16,214,10,3.3,1,12
384,24,0,4,13,98,0,2.4,0,3
385,53,1,5,25,101,15,2.1,1,12
386,62,1,2,4,338,10,4.2,0,11
387,37,0,5,11,327,0,2.5,1,13
388,18,0,5,32,163,20,2.3,0,13
389,25,0,2,49,288,5,4.4,0,6
390,63,0,1,7,182,0,4.4,1,11
391,33,1,4,46,323,5,2.4,0,5
392,31,1,2,11,215,20,4.3,0,5
393,29,0,3,28,423,0,4.4,1,11
394,40,0,1,41,422,15,2.7,0,14
395,32,0,3,23,342,10,1.3,0,14
396,45,1,1,45,292,0,1.0,1,6
397,51,0,4,23,369,20,3.1,0,6
398,19,1,4,28,187,0,2.4,1,1
399,49,0,5,43,128,5,5.0,0,11
400,40,1,3,47,219,0,4.1,1,9
401,39,0,1,26,172,15,4.0,1,5
402,42,1,4,25,225,0,4.8,0,1
403,39,0,2,29,349,10,4.6,1,8
404,39,0,4,19,131,0,2.3,0,7
405,59,0,2,33,136,5,1.7,0,7
406,23,1,1,36,274,0,4.0,1,14
407,32,0,4,14,65,15,2.5,0,5
408,60,1,4,14,359,20,2.9,0,1
409,54,1,1,35,407,0,3.5,1,9
410,50,0,4,30,212,0,4.6,0,11
411,25,0,2,28,147,10,2.7,0,9
412,61,0,4,17,205,15,4.1,1,8
413,61,1,3,3,51,20,2.1,0,5
414,22,0,5,16,399,5,3.8,0,14
415,56,1,2,46,446,0,1.0,1,3
416,21,1,3,30,218,20,4.5,0,8
417,23,0,1,29,364,5,1.1,0,1
418,62,0,2,45,374,15,3.9,1,3
419,49,0,5,15,424,15,1.2,0,12
420,47,0,5,46,141,20,2.1,0,11
421,64,0,1,25,230,5,3.0,1,7
422,52,0,1,38,280,15,2.7,1,14
423,57,1,2,42,350,20,1.8,0,4
424,33,1,4,47,197,15,2.3,0,7
425,30,1,1,38,329,15,3.9,1,12
426,59,0,4,23,238,15,3.7,0,11
427,47,1,3,25,396,10,1.3,0,13
428,36,1,5,42,399,5,4.0,0,14
429,34,1,4,7,363,20,1.2,1,5
430,36,1,5,22,460,20,3.2,0,6
431,45,1,4,17,459,5,2.0,0,14
432,43,0,3,18,177,5,3.4,1,7
433,54,0,1,49,56,5,2.0,1,13
434,43,1,3,41,475,5,4.9,1,10
435,40,1,1,10,96,0,2.2,0,12
436,26,1,1,10,102,20,2.0,0,7
437,29,0,5,7,236,0,2.1,1,7
438,18,0,3,48,87,15,4.6,0,7
439,18,1,4,38,275,15,3.5,0,11
440,64,0,3,27,102,20,3.9,0,13
441,51,0,5,33,448,15,4.7,0,13
442,49,1,1,1,273,5,4.6,1,7
443,42,0,5,44,203,0,4.0,1,3
444,57,0,2,34,97,5,1.8,0,12
445,62,1,2,4,400,15,4.4,1,3
446,18,0,4,17,196,0,1.8,0,7
447,33,0,5,4,442,5,4.0,0,14
448,56,1,4,43,113,20,3.7,1,2
449,22,0,4,26,398,5,4.0,1,14
450,39,0,2,4,231,15,3.1,0,2
451,46,1,4,1,174,0,3.6,0,3
452,20,1,2,7,228,20,4.8,0,14
453,29,1,1,30,88,0,1.4,0,4
454,43,0,5,9,309,20,2.2,1,6
455,33,1,4,35,431,0,3.4,1,13
456,54,0,2,8,52,15,4.9,0,8
457,39,1,3,24,113,20,1.4,0,10
458,46,0,4,19,78,10,1.1,1,10
459,31,1,1,36,421,0,1.2,0,7
460,45,1,1,43,60,0,1.2,1,4
461,22,1,3,27,146,5,4.6,0,2
462,64,1,2,32,407,20,3.9,1,2
463,47,0,4,14,491,10,3.7,0,4
464,63,1,2,18,252,15,3.1,0,6
465,22,1,1,28,460,5,4.1,0,3
466,29,0,2,29,70,10,1.6,1,6
467,33,1,1,16,88,20,2.6,1,5
468,43,0,2,35,272,10,3.0,0,5
469,43,1,3,47,151,0,1.4,0,2
470,38,1,5,31,95,0,2.7,0,8
471,56,1,3,4,115,5,2.3,0,5
472,53,0,3,37,140,20,1.1,1,11
473,50,1,5,17,213,20,1.5,1,2
474,47,1,5,39,160,10,4.1,1,7
475,54,1,4,48,387,5,1.1,0,13
476,40,0,4,46,172,20,4.7,0,9
477,27,0,3,26,242,0,1.3,1,9
478,22,1,3,48,496,10,4.2,0,1
479,53,0,1,39,148,15,4.6,1,7
480,51,1,1,41,340,0,4.8,1,9
481,48,1,4,4,208,5,4.5,1,6
482,27,1,4,30,461,20,2.2,1,1
483,36,1,1,30,152,0,2.3,0,2
484,49,1,1,22,434,15,2.7,1,4
485,18,1,2,11,330,15,1.6,0,14
486,22,1,2,2,92,5,1.1,1,4
487,62,0,1,44,133,0,4.5,1,2
488,21,0,2,12,240,10,3.2,1,8
489,33,0,5,30,100,0,3.4,1,2
490,41,0,4,36,435,15,4.7,0,3
491,33,0,4,18,259,5,3.7,0,14
492,19,0,1,26,175,5,3.8,0,4
493,45,0,3,7,497,10,4.1,0,9
494,49,1,1,1,118,5,1.5,1,10
495,44,1,2,26,314,5,2.4,0,1
496,37,1,3,23,307,5,4.9,0,8
497,41,1,2,26,467,5,4.7,1,12
498,29,0,5,45,237,5,4.5,0,14
499,52,0,2,6,279,15,2.8,0,5
500,50,1,5,6,238,0,4.4,0,7
501,50,1,5,44,464,20,1.2,0,8
502,60,0,2,8,59,5,1.6,1,5
503,54,1,2,24,163,20,2.7,1,8
504,29,1,5,22,125,20,2.9,0,10
505,20,1,3,19,213,15,2.1,1,11
506,18,1,5,37,134,5,2.4,0,8
507,50,0,4,18,98,20,1.7,0,9
508,57,1,5,31,375,5,3.0,0,2
509,27,1,3,37,226,10,4.2,1,3
510,60,0,4,30,436,10,3.6,1,1
511,61,0,1,42,438,10,1.4,1,4
512,46,1,1,33,267,20,3.0,1,5
513,30,0,3,10,238,10,3.8,1,11
514,29,1,5,37,395,15,3.1,1,1
515,48,1,2,12,279,15,2.6,0,8
516,63,0,3,30,304,20,3.5,1,2
517,19,1,4,27,285,5,4.9,0,1
518,52,1,4,39,75,0,1.4,0,2
519,40,1,1,9,121,5,2.6,1,13
520,34,1,4,21,310,5,2.6,0,5
521,43,0,3,12,303,5,3.3,0,9
522,25,0,4,29,320,5,1.6,0,9
523,46,1,3,33,172,0,1.7,1,2
524,43,0,2,43,193,10,2.1,1,2
525,27,1,1,15,306,5,4.8,0,3
526,43,1,4,2,193,15,3.9,1,7
527,51,1,3,39,470,20,3.6,0,11
528,58,1,5,44,308,20,4.3,1,3
529,24,1,1,18,485,15,1.5,0,1
530,21,0,2,3,96,5,4.4,0,14
531,62,1,3,7,400,0,3.4,1,14
532,28,0,2,43,62,10,2.3,1,14
533,46,0,2,18,425,20,4.3,1,6
534,53,1,4,44,257,10,4.2,1,3
535,42,1,4,38,360,0,4.4,1,1
536,38,1,3,37,284,20,1.5,0,14
537,53,1,5,33,198,10,4.9,0,13
538,27,1,3,44,371,0,4.8,0,4
539,54,0,5,31,487,10,2.4,1,13
540,26,1,2,11,204,5,1.3,1,1
541,41,1,1,4,215,0,1.7,0,1
542,52,0,3,18,139,10,5.0,0,12
543,52,0,3,4,235,5,3.3,0,2
544,53,1,5,49,367,5,2.4,0,10
545,35,0,2,34,407,0,2.2,1,8
546,56,1,2,29,223,15,2.0,0,2
547,49,0,5,24,266,20,3.7,1,11
548,41,0,2,22,444,0,2.7,0,2
549,40,1,4,2,313,5,4.9,1,11
550,49,0,1,44,146,5,3.7,1,11
551,54,0,3,6,166,0,4.2,1,10
552,29,0,1,42,248,15,2.2,1,10
553,30,0,3,25,369,20,1.3,0,8
554,40,0,4,21,70,10,3.0,0,12
555,42,0,2,16,249,0,2.3,0,6
556,52,1,5,31,420,20,1.8,1,12
557,58,1,4,14,496,20,4.8,0,11
558,47,0,1,39,390,5,2.8,0,4
559,34,1,5,28,497,10,1.7,0,3
560,37,1,2,32,297,0,1.8,1,1
561,42,1,4,28,325,5,2.1,1,11
562,39,0,5,49,313,5,5.0,1,3
563,30,1,4,9,107,15,2.1,0,12
564,36,0,4,45,351,20,2.3,0,14
565,53,1,2,22,80,0,3.6,0,9
566,29,0,3,32,298,0,2.2,1,5
567,58,0,5,5,142,0,1.9,0,13
568,36,1,2,23,314,5,1.6,1,6
569,29,1,4,5,320,15,2.3,1,5
570,26,0,2,42,143,10,1.4,1,1
571,24,1,3,32,203,5,1.1,1,10
572,45,1,5,10,443,10,4.2,0,1
573,31,1,3,39,334,15,1.6,0,4
574,48,0,1,15,129,20,4.1,1,3
575,36,0,5,7,341,0,4.2,0,11
576,64,1,3,29,133,10,3.2,1,8
577,33,1,4,47,414,5,2.2,0,12
578,22,1,5,3,423,10,1.6,0,12
579,52,0,5,19,86,20,3.9,1,7
580,29,0,2,10,391,0,3.4,1,11
581,42,1,4,28,376,10,3.6,1,7
582,38,1,1,29,456,20,1.0,1,8
583,53,1,3,15,474,5,4.7,0,14
584,40,1,2,35,281,15,1.3,1,10
585,33,1,3,6,142,5,2.5,0,7
586,56,1,1,12,385,0,2.6,1,10
587,62,0,1,47,151,5,1.0,0,2
588,59,1,5,38,461,5,3.0,1,4
589,56,0,1,13,481,5,4.0,0,11
590,31,1,3,29,215,5,4.3,0,6
591,48,1,4,19,208,0,4.5,0,3
592,22,0,4,3,63,20,3.0,1,3
593,52,0,5,8,422,10,3.5,1,6
594,40,0,3,8,274,15,1.3,1,1
595,46,0,3,20,122,10,3.0,1,14
596,60,1,1,47,298,10,1.6,0,1
597,28,0,3,4,140,15,2.5,0,5
598,35,1,2,21,265,0,2.3,0,1
599,64,0,1,3,139,15,2.7,1,10
600,29,1,2,45,78,0,3.3,0,8
601,26,1,5,8,484,10,4.6,0,2
602,27,1,4,23,354,0,2.6,1,6
603,61,1,5,16,476,20,4.9,1,10
604,34,1,4,13,269,15,4.0,0,10
605,55,1,5,3,377,20,3.0,1,5
606,24,0,3,48,264,10,3.6,1,10
607,63,1,2,9,270,15,1.4,1,12
608,30,0,4,14,438,10,4.4,1,12
609,57,0,1,13,91,20,3.3,0,4
610,59,1,2,7,184,10,4.9,0,1
611,26,0,1,15,91,15,3.5,0,14
612,44,1,2,7,213,15,4.3,0,14
613,19,0,2,38,410,10,4.2,0,3
614,22,1,5,34,332,15,2.4,1,13
615,46,0,4,41,107,15,2.0,0,12
616,54,1,4,22,351,10,2.7,0,4
617,55,1,2,24,371,20,2.9,1,2
618,36,1,3,49,74,15,2.0,1,12
619,25,1,3,37,122,15,4.6,1,2
620,62,0,1,44,422,15,3.2,0,2
621,18,1,1,1,460,15,4.9,1,11
622,39,0,5,10,178,10,4.2,1,1
623,34,0,2,43,136,20,3.2,1,10
624,24,0,1,16,379,20,4.8,0,2
625,42,1,1,46,475,0,3.0,1,6
626,62,0,2,8,485,15,4.5,1,3
627,21,0,5,49,202,15,2.4,0,10
628,53,0,1,25,231,0,2.5,1,5
629,23,1,5,12,174,20,2.7,0,1
630,48,1,4,25,116,5,3.2,0,8
631,36,0,5,17,55,5,3.2,1,13
632,61,1,3,26,174,20,3.0,0,4
633,56,1,3,46,363,15,2.2,1,9
634,44,0,5,48,375,5,4.7,1,4
635,27,0,3,14,102,10,3.4,1,14
636,43,1,4,41,115,10,2.6,1,2
637,36,0,2,36,363,0,3.6,0,3
638,56,1,3,23,131,20,4.1,1,5
639,20,1,3,43,136,20,4.8,1,12
640,62,1,5,6,51,5,3.0,1,10
641,30,1,4,47,253,15,1.4,0,13
642,45,1,2,5,199,20,2.8,0,13
643,37,1,5,43,342,5,2.9,1,14
644,45,0,5,25,453,5,4.6,0,6
645,25,0,4,18,152,20,2.6,0,7
646,58,1,2,13,73,5,4.8,1,4
647,56,1,4,43,417,0,2.9,1,7
648,18,1,2,14,261,0,4.9,1,10
649,20,0,4,28,114,20,1.0,1,3
650,30,1,5,18,498,15,4.6,1,7
651,45,0,5,28,258,0,4.7,0,4
652,42,1,1,27,300,0,4.8,1,13
653,50,1,3,32,434,20,1.1,1,13
654,55,0,4,47,166,10,1.7,1,8
655,23,0,1,9,165,5,3.6,1,9
656,61,1,3,40,286,0,1.1,1,7
657,62,1,4,32,154,10,1.3,0,8
658,49,1,2,20,308,15,1.9,1,8
659,62,0,3,28,95,10,3.0,0,2
660,64,0,5,33,360,20,3.2,1,9
661,38,0,1,4,380,15,1.1,1,6
662,33,0,3,46,265,15,1.7,1,11
663,38,0,3,34,497,10,3.0,0,4
664,28,0,5,48,350,20,3.4,1,5
665,54,1,4,3,459,0,1.6,1,10
666,53,1,2,26,382,10,2.6,1,5
667,52,0,5,8,498,0,4.6,1,7
668,36,1,2,6,73,10,5.0,1,14
669,37,1,4,16,84,0,4.9,1,9
670,35,0,3,24,73,10,4.5,1,7
671,64,1,2,48,77,15,2.6,0,9
672,58,0,1,39,65,5,3.7,1,4
673,31,0,1,30,108,15,2.7,1,10
674,32,1,5,45,292,0,3.6,1,14
675,48,0,4,13,487,20,2.2,0,10
676,18,0,5,5,256,15,3.4,0,4
677,20,0,5,25,449,5,3.1,1,6
678,33,0,5,20,320,0,1.1,0,8
679,40,0,1,18,298,15,4.2,1,14
680,28,0,1,47,316,10,1.0,1,9
681,29,0,5,18,242,20,2.2,0,1
682,27,0,1,2,384,0,1.0,1,1
683,49,1,4,10,267,15,2.5,0,13
684,33,1,5,45,164,0,1.3,0,8
685,25,1,1,47,117,10,4.7,0,11
686,55,0,2,12,348,5,2.7,1,7
687,29,0,5,47,374,15,2.8,1,9
688,41,1,5,13,446,0,2.4,1,11
689,45,1,4,47,443,0,3.5,1,3
690,25,1,3,11,124,0,4.1,1,10
691,45,0,3,19,152,5,3.6,1,12
692,53,1,4,35,346,0,4.0,1,5
693,43,1,4,39,227,20,4.6,0,3
694,25,0,4,26,264,20,4.5,1,5
695,45,1,3,46,364,0,3.7,1,10
696,45,0,4,14,88,20,1.9,1,1
697,54,0,1,45,308,15,3.6,0,14
698,58,0,5,44,253,20,3.0,0,11
699,53,1,5,24,56,0,3.9,0,4
700,44,1,2,41,98,10,4.3,1,6
701,34,0,2,1,75,15,4.0,0,2
702,26,1,5,43,210,5,4.4,0,13
703,50,1,1,22,406,0,1.3,1,7
704,37,1,3,23,225,5,1.1,1,8
705,30,1,3,19,128,10,2.0,1,1
706,45,0,1,18,51,5,4.6,0,13
707,46,1,3,12,432,0,4.3,1,4
708,30,0,4,28,465,0,3.7,1,11
709,63,0,5,28,181,10,3.8,1,4
710,52,1,5,33,325,0,3.9,1,13
711,23,0,1,19,166,10,4.8,1,5
712,35,1,3,28,213,10,4.3,1,14
713,22,1,2,49,337,0,3.5,0,12
714,64,0,2,37,77,20,3.7,1,12
715,42,0,3,26,382,10,1.9,0,4
716,19,0,2,35,50,0,3.6,0,9
717,27,0,1,34,237,20,2.7,1,7
718,47,1,1,35,105,10,1.6,0,13
719,62,1,3,40,84,20,4.2,0,2
720,22,1,2,16,161,15,3.0,0,1
721,50,0,1,38,335,15,4.9,1,9
722,18,0,1,13,359,20,2.1,0,1
723,35,0,4,23,85,10,2.9,0,6
724,49,1,4,22,488,0,2.8,0,2
725,64,0,1,16,266,5,1.5,0,4
726,28,1,3,28,129,0,2.7,1,6
727,38,0,5,48,363,5,2.2,1,5
728,43,1,5,35,132,5,1.6,0,11
729,42,1,1,45,114,10,2.1,1,6
730,39,0,1,46,374,20,1.9,1,3
731,44,0,1,8,177,0,3.9,0,5
732,30,1,3,44,356,20,1.1,1,2
733,50,1,4,22,71,15,3.5,1,7
734,51,0,1,21,265,10,4.0,0,3
735,58,0,1,26,156,10,2.9,0,1
736,52,1,2,40,158,15,4.7,1,14
737,18,0,3,21,421,0,3.8,1,8
738,38,1,1,25,406,15,4.0,1,8
739,23,1,2,41,230,0,1.8,1,3
740,45,0,5,1,405,5,4.1,0,13
741,34,0,1,6,213,10,4.3,0,7
742,22,0,1,23,117,0,2.4,0,9
743,48,0,2,23,341,20,1.9,0,8
744,22,0,3,43,229,20,2.5,0,3
745,55,1,1,43,230,10,4.0,1,13
746,20,1,5,23,483,15,2.7,1,2
747,40,0,1,32,218,15,3.9,0,13
748,54,0,5,30,451,0,1.5,0,10
749,54,0,4,13,71,15,4.2,0,7
750,27,1,4,43,115,10,2.0,1,7
751,27,0,5,18,70,0,2.0,1,9
752,36,0,3,23,149,5,3.4,1,5
753,34,1,1,15,433,15,1.3,0,4
754,38,1,1,33,349,15,1.1,0,8
755,31,0,4,21,152,0,2.0,0,14
756,26,0,5,39,96,20,3.2,0,4
757,63,0,1,23,88,15,4.6,0,4
758,18,1,1,27,334,10,4.4,1,12
759,62,0,3,45,359,15,3.0,0,14
760,30,0,2,44,139,5,1.1,1,12
761,21,0,4,18,134,15,3.1,1,2
762,18,1,4,24,322,20,3.8,1,13
763,57,1,2,47,385,15,2.4,1,1
764,49,0,1,40,237,0,1.4,1,4
765,51,0,3,42,208,15,2.1,0,7
766,45,1,3,7,292,20,4.1,0,12
767,48,1,4,48,122,0,2.4,0,9
768,25,1,3,20,98,10,4.2,1,9
769,56,1,2,27,150,0,2.3,1,12
770,43,1,1,6,51,5,1.7,1,10
771,51,1,2,27,293,0,2.7,1,1
772,20,1,5,9,225,10,2.8,1,5
773,29,1,4,45,287,15,1.1,1,7
774,18,1,3,31,447,0,1.5,0,13
775,61,0,5,21,108,0,1.7,1,7
776,22,0,3,26,402,0,1.5,1,10
777,47,0,1,40,148,0,2.4,0,6
778,47,1,1,48,491,10,4.9,1,11
779,34,0,1,45,408,20,3.0,0,10
780,64,1,3,13,491,20,3.5,0,4
781,40,1,5,49,484,0,2.4,0,3
782,32,0,1,23,51,10,2.3,1,12
783,54,1,5,20,292,10,1.1,0,13
784,38,0,3,37,346,0,3.0,0,9
785,31,0,5,28,260,5,2.9,1,12
786,19,0,3,17,172,0,1.6,0,13
787,28,1,3,28,278,5,4.1,1,10
788,56,0,4,41,131,0,3.0,1,4
789,55,1,3,2,193,5,2.4,0,8
790,51,0,3,25,437,5,1.6,1,13
791,55,0,2,41,189,0,3.2,1,1
792,51,0,1,6,78,5,4.0,0,7
793,35,1,4,11,440,15,2.1,0,12
794,47,1,4,38,319,20,1.9,0,6
795,32,1,4,6,296,10,3.1,0,13
796,44,0,2,45,61,5,1.6,1,12
797,51,0,3,11,404,5,3.7,0,1
798,55,1,1,14,438,10,3.4,0,4
799,50,1,5,2,386,5,1.3,0,12
800,41,1,3,40,155,10,1.1,1,14
801,32,1,2,3,81,0,3.5,1,5
802,47,1,3,35,123,15,2.2,1,11
803,59,1,3,33,220,15,1.3,1,8
804,34,0,2,24,386,20,4.0,1,4
805,22,1,4,19,118,5,2.3,0,3
806,46,0,4,18,350,20,2.8,1,2
807,21,0,1,49,411,0,1.9,1,4
808,27,1,1,24,186,15,3.5,1,11
809,34,1,4,45,482,0,2.2,0,10
810,27,0,5,35,466,0,4.9,0,14
811,34,1,3,1,149,5,3.8,1,13
812,37,1,5,36,195,0,1.5,0,4
813,41,0,3,25,58,15,2.7,1,13
814,22,0,4,45,111,20,2.5,0,10
815,51,0,1,49,234,15,3.1,0,5
816,23,1,1,43,78,5,4.4,1,13
817,19,0,5,34,430,15,3.3,0,7
818,30,1,1,25,163,10,1.2,1,9
819,60,0,4,16,458,20,3.6,1,2
820,60,0,5,34,192,10,1.0,1,5
821,28,0,3,29,439,10,4.1,0,11
822,64,1,1,19,169,5,3.7,0,10
823,40,1,2,23,219,0,2.2,1,9
824,33,0,1,19,206,10,2.2,1,12
825,48,0,3,25,384,15,4.2,0,14
826,28,0,5,16,398,0,4.1,1,13
827,33,1,3,9,309,15,2.4,0,3
828,25,0,2,1,131,15,2.2,0,1
829,21,1,4,42,291,0,3.2,0,2
830,57,0,1,19,490,0,1.0,1,14
831,21,0,5,33,482,15,1.3,1,6
832,42,0,4,34,221,5,1.5,0,5
833,20,0,3,16,280,20,1.7,1,1
834,49,0,5,44,257,20,3.0,1,1
835,20,0,4,40,124,5,5.0,0,11
836,44,1,5,18,319,0,3.6,0,4
837,46,0,2,34,436,15,1.2,1,12
838,49,1,2,25,163,20,3.1,0,4
839,36,0,1,45,111,15,3.0,1,6
840,38,0,1,6,411,5,1.6,0,6
841,22,1,2,21,369,15,4.7,0,10
842,35,0,5,6,151,5,2.8,1,14
843,45,1,2,32,478,0,5.0,1,6
844,59,1,1,41,411,5,2.7,1,1
845,39,0,2,48,259,5,3.4,1,10
846,38,1,2,43,491,20,1.4,1,9
847,23,1,5,39,304,15,2.8,0,11
848,18,0,4,31,69,20,2.0,0,7
849,22,1,1,42,107,10,4.3,1,7
850,58,0,5,10,161,5,4.1,0,11
851,29,0,2,30,362,10,4.3,1,7
852,43,0,2,18,245,20,3.9,0,2
853,63,0,4,24,424,15,4.3,0,2
854,51,1,1,9,402,20,1.8,1,6
855,31,0,1,31,141,15,2.8,1,7
856,43,0,3,15,101,15,3.8,1,3
857,62,1,1,4,342,0,3.5,0,13
858,44,0,4,40,57,5,3.9,1,4
859,26,0,3,9,349,20,1.9,1,14
860,43,1,3,45,147,15,1.4,1,12
861,64,1,2,9,285,20,4.7,1,3
862,39,1,2,26,438,20,3.2,1,7
863,64,1,1,4,423,15,1.6,1,7
864,47,1,3,17,118,10,4.2,0,4
865,60,1,2,16,464,5,4.7,0,13
866,34,1,4,15,94,5,1.7,0,7
867,43,0,2,35,186,0,4.3,0,5
868,53,1,2,5,283,0,4.7,1,1
869,18,1,3,5,81,0,4.8,1,10
870,25,1,3,20,338,5,4.7,0,4
871,52,0,5,15,175,10,3.2,0,7
872,32,0,4,18,116,5,2.4,0,13
873,64,1,3,47,79,5,1.0,1,2
874,39,1,1,2,163,5,1.2,1,2
875,31,1,4,29,253,5,2.7,1,1
876,43,0,4,13,78,10,2.6,0,2
877,45,0,3,4,180,0,1.7,0,10
878,40,1,4,42,234,20,2.6,0,14
879,31,0,3,45,302,0,1.7,0,8
880,41,1,2,10,335,0,4.4,0,11
881,19,0,5,31,442,20,2.2,1,8
882,62,0,2,41,459,5,3.4,1,8
883,43,1,3,8,435,10,3.0,1,1
884,31,1,3,3,111,10,1.2,1,1
885,24,1,2,48,52,0,4.8,1,12
886,20,1,1,46,479,20,3.1,0,10
887,64,0,1,9,117,15,2.3,1,4
888,40,0,1,30,74,5,1.6,0,6
889,63,0,3,11,228,0,2.4,1,8
890,60,1,4,35,190,10,1.1,0,13
891,64,0,3,37,280,20,2.5,0,2
892,62,1,4,42,349,20,3.1,0,13
893,35,0,2,13,212,0,4.5,0,3
894,55,1,5,36,360,15,3.7,0,6
895,52,1,4,13,442,10,1.4,0,10
896,32,0,1,12,179,0,1.6,1,4
897,42,1,3,37,494,15,2.7,0,12
898,54,1,2,10,295,20,1.8,0,2
899,45,0,1,9,346,5,1.1,1,7
900,27,1,2,7,221,10,4.2,0,4
901,56,1,5,2,113,10,1.1,1,8
902,34,1,3,23,80,15,4.3,1,8
903,56,0,3,39,96,0,1.6,0,7
904,39,0,5,40,179,20,4.9,0,10
905,43,1,3,39,401,15,3.4,1,9
906,61,0,4,21,382,5,3.9,0,4
907,42,1,2,23,159,5,1.4,1,7
908,34,1,1,29,118,5,4.4,0,10
909,30,1,5,14,107,15,4.4,1,10
910,37,1,4,26,155,20,3.6,0,12
911,42,1,1,5,349,10,3.0,0,1
912,21,0,1,31,379,0,3.9,1,4
913,27,1,5,25,305,10,1.0,1,2
914,20,0,4,31,361,20,3.4,1,9
915,58,0,1,20,220,10,4.4,1,5
916,62,1,1,44,432,15,2.4,0,3
917,35,1,4,17,211,5,1.4,1,4
918,64,0,3,45,335,20,2.7,1,6
919,53,0,1,2,120,20,3.9,0,10
920,64,0,2,25,304,10,1.4,0,1
921,39,1,4,13,423,15,1.8,1,7
922,51,0,1,39,104,10,1.6,0,8
923,64,1,5,28,372,10,4.2,1,7
924,25,1,2,42,446,20,1.3,0,7
925,57,1,1,6,52,10,3.7,1,9
926,61,0,2,3,75,5,2.5,0,13
927,36,1,2,35,362,10,4.0,1,4
928,59,1,3,18,175,5,4.9,1,14
929,58,1,2,11,457,20,1.5,0,7
930,54,1,3,20,102,15,2.3,0,9
931,23,1,4,5,247,5,4.2,1,5
932,43,0,3,19,348,15,2.1,1,2
933,51,1,5,22,237,15,1.9,0,5
934,62,1,1,19,235,5,4.3,0,4
935,23,0,4,47,354,20,4.9,0,8
936,54,1,4,16,347,0,3.2,0,5
937,50,0,5,24,253,15,2.1,0,9
938,39,1,3,41,499,15,2.6,0,9
939,38,0,1,4,60,20,1.7,0,3
940,23,0,3,15,408,20,4.0,0,13
941,23,1,2,25,403,10,4.1,0,10
942,21,1,3,44,195,20,4.5,1,6
943,47,1,4,35,134,15,1.1,0,6
944,28,0,1,14,149,5,3.2,0,4
945,47,0,3,49,153,0,1.9,1,11
946,48,0,1,19,485,10,2.4,1,13
947,41,1,1,38,95,5,4.1,1,10
948,26,0,2,36,93,0,1.8,1,3
949,20,0,2,7,327,0,3.6,1,1
950,48,1,4,30,230,0,3.6,1,12
951,57,0,5,19,236,5,4.8,0,7
952,54,0,1,49,163,10,4.1,1,5
953,53,1,5,25,304,10,4.2,1,14
954,41,0,4,16,430,0,3.1,1,10
955,48,1,1,47,429,5,1.7,0,7
956,23,1,1,40,79,0,2.7,1,1
957,19,1,5,8,313,20,3.2,0,8
958,37,1,3,18,147,10,3.7,1,3
959,45,1,2,28,362,15,3.4,1,7
960,28,0,3,16,416,0,2.6,0,12
961,21,0,5,19,378,20,2.1,0,3
962,32,1,2,42,164,10,1.7,1,14
963,23,1,3,17,325,5,3.8,0,3
964,47,0,2,45,330,10,3.6,0,10
965,55,1,1,13,324,5,3.7,1,9
966,19,1,3,7,310,5,2.5,1,13
967,32,1,2,27,380,0,2.0,1,2
968,28,0,2,10,256,0,4.0,0,14
969,25,0,2,34,433,10,4.1,1,4
970,43,1,3,36,377,20,2.8,1,6
971,62,1,4,25,260,10,3.4,0,14
972,61,0,3,6,264,15,2.5,0,3
973,22,0,5,24,460,5,3.8,1,12
974,23,1,3,18,89,5,4.3,0,10
975,43,1,2,23,75,0,3.8,1,14
976,21,0,1,6,76,20,3.1,0,10
977,36,0,3,29,239,0,2.8,1,7
978,37,0,3,25,132,15,3.6,0,7
979,50,1,2,17,433,10,3.7,0,5
980,37,0,1,46,483,10,3.2,0,3
981,29,1,1,24,219,20,3.5,0,2
982,64,0,5,11,462,0,1.4,1,4
983,18,0,3,26,216,0,4.8,0,14
984,43,0,1,34,237,15,4.2,1,13
985,31,0,1,28,218,10,2.5,0,4
986,55,1,4,3,338,0,3.3,0,11
987,54,1,4,11,278,20,1.2,1,8
988,28,0,1,38,146,10,1.2,0,8
989,53,1,5,14,416,15,2.0,0,13
990,30,0,1,26,65,20,3.8,1,5
991,60,0,2,48,328,5,4.4,0,13
992,20,0,3,21,184,15,3.2,1,6
993,50,0,5,39,75,20,3.1,0,8
994,23,1,2,30,401,0,2.6,0,1
995,27,0,5,8,61,5,1.6,0,5
996,22,0,2,20,121,15,1.5,1,4
997,40,1,3,48,182,0,4.0,0,4
998,27,0,3,32,155,5,4.7,0,11
999,61,0,4,22,269,10,2.8,0,2
1000,19,0,2,7,422,0,3.6,0,10
1001,30,1,4,9,226,20,4.7,0,1
1002,57,0,2,45,331,15,1.4,0,14
1003,19,1,4,1,182,5,4.1,0,6
1004,37,0,3,29,71,0,3.5,0,7
1005,18,0,5,8,318,10,3.4,0,5
1006,54,1,4,4,461,15,2.2,1,8
1007,26,0,2,35,210,15,3.7,0,9
1008,34,0,2,3,156,0,4.2,1,11
1009,26,1,3,45,328,10,1.5,1,11
1010,28,1,2,40,402,5,3.1,1,2
1011,32,1,1,7,284,0,1.4,0,11
1012,41,1,5,27,67,5,4.5,1,13
1013,55,1,4,1,291,15,3.0,1,4
1014,52,0,5,27,166,5,4.2,1,11
1015,47,1,3,16,335,10,2.5,0,9
1016,48,0,4,38,331,20,1.5,1,5
1017,22,0,4,7,193,10,1.2,0,3
1018,61,0,1,44,254,5,2.1,1,6
1019,31,1,3,23,88,0,2.0,1,3
1020,28,1,2,41,466,15,3.2,0,14
1021,26,0,1,11,203,20,1.1,0,5
1022,51,1,1,42,225,0,3.1,1,3
1023,29,1,5,33,498,0,2.6,1,6
1024,52,1,5,36,290,10,3.3,1,12
1025,52,1,5,37,471,5,3.8,0,10
1026,18,0,1,41,435,10,3.5,0,5
1027,57,0,2,17,418,5,4.9,1,14
1028,39,1,4,35,183,10,1.6,1,9
1029,46,0,5,48,95,0,2.7,0,3
1030,25,1,2,5,99,15,2.7,0,6
1031,28,1,3,48,215,5,2.7,1,8
1032,58,0,5,32,155,20,3.7,0,7
1033,54,0,4,3,265,20,3.0,1,6
1034,31,0,3,47,195,0,3.1,0,14
1035,47,1,3,35,460,10,2.7,1,2
1036,52,0,4,14,474,10,5.0,1,7
1037,38,1,5,48,121,0,4.7,1,8
1038,54,0,1,31,379,20,2.2,0,1
1039,22,0,4,31,322,20,1.4,1,9
1040,36,1,4,17,296,10,4.4,1,4
1041,31,1,4,24,495,5,5.0,0,8
1042,43,1,3,23,462,15,2.2,1,10
1043,21,1,2,18,235,5,2.4,1,7
1044,42,1,1,14,119,20,4.8,1,14
1045,62,1,5,15,199,5,3.8,0,13
1046,59,1,5,15,295,15,2.2,0,10
1047,42,1,2,6,311,5,3.3,0,7
1048,35,0,4,27,75,5,4.8,0,2
1049,57,1,1,15,472,5,4.2,1,1
1050,25,1,5,36,189,5,4.0,0,4
1051,56,0,5,8,148,0,3.9,0,12
1052,57,1,4,15,447,20,1.7,0,2
1053,31,0,2,3,327,15,4.3,1,8
1054,49,0,1,47,100,20,2.1,1,10
1055,55,1,2,13,200,0,4.7,1,7
1056,50,0,2,41,481,0,2.5,0,8
1057,40,1,1,34,153,0,4.4,1,11
1058,32,0,1,24,483,0,2.1,1,6
1059,50,0,5,40,138,5,3.1,0,1
1060,42,0,5,32,190,20,1.4,1,14
1061,34,1,1,32,262,10,3.6,0,13
1062,50,1,3,30,282,15,4.3,0,13
1063,64,0,5,49,443,0,3.9,1,12
1064,19,0,3,13,232,20,3.1,0,9
1065,31,1,1,1,300,0,1.2,0,6
1066,57,1,5,34,58,0,4.7,0,12
1067,57,0,2,15,128,0,3.8,0,13
1068,56,0,1,44,101,0,4.0,0,10
1069,23,1,4,14,435,0,4.2,0,1
1070,23,1,3,29,458,15,4.0,1,1
1071,20,1,1,34,318,20,2.8,0,8
1072,24,1,1,18,275,0,3.9,0,6
1073,25,1,5,7,100,0,3.5,0,8
1074,59,0,5,29,235,0,4.4,0,8
1075,32,1,5,31,83,0,4.2,1,11
1076,64,0,4,25,340,5,1.2,1,14
1077,46,1,5,38,279,5,2.5,0,8
1078,50,0,1,14,180,10,1.1,1,10
1079,47,1,5,8,169,0,1.4,0,7
1080,56,1,2,27,492,10,3.4,0,7
1081,44,0,5,2,375,15,4.5,0,10
1082,53,0,4,17,296,10,1.5,0,4
1083,46,1,2,37,481,20,2.8,1,9
1084,55,1,1,14,241,5,4.6,1,12
1085,50,1,1,25,452,5,4.3,0,2
1086,54,1,3,30,372,0,3.1,0,11
1087,44,1,2,29,259,0,4.1,1,9
1088,50,0,3,20,152,15,3.1,1,10
1089,21,0,2,21,378,15,1.6,0,3
1090,39,1,2,22,421,20,1.5,1,14
1091,19,0,4,35,182,0,1.8,0,13
1092,27,0,3,37,372,0,2.4,1,2
1093,22,0,4,16,188,15,4.7,1,13
1094,27,1,2,49,170,15,4.2,1,4
1095,50,0,1,43,143,15,2.7,1,5
1096,55,1,2,17,178,5,3.0,0,2
1097,30,0,4,16,140,10,2.1,0,13
1098,48,1,3,2,141,10,3.8,1,1
1099,64,0,3,4,112,0,4.2,0,10
1100,53,1,4,21,78,5,2.0,1,11
1101,62,1,3,39,259,15,1.2,1,5
1102,41,0,5,34,61,0,3.5,0,9
1103,32,1,1,30,382,5,3.3,0,12
1104,46,1,1,6,346,20,2.6,0,12
1105,25,1,1,17,179,5,3.6,1,5
1106,22,1,3,39,342,0,3.2,0,12
1107,46,1,3,25,222,10,2.0,0,11
1108,64,1,2,5,257,15,2.6,0,10
1109,21,1,2,5,481,20,2.7,0,9
1110,29,1,1,20,73,5,4.5,1,14
1111,62,0,5,16,148,0,4.8,1,13
1112,19,0,2,41,455,0,4.6,1,12
1113,44,1,2,37,405,15,3.9,1,10
1114,48,1,3,40,188,0,3.3,1,6
1115,53,0,5,9,363,0,3.8,1,3
1116,53,0,1,5,223,15,4.8,1,4
1117,43,0,2,42,78,20,2.0,0,4
1118,60,1,5,2,468,10,3.1,1,1
1119,44,0,5,9,192,10,3.8,1,3
1120,22,1,1,43,365,5,3.7,1,3
1121,37,1,5,36,400,20,2.0,1,13
1122,28,0,5,22,91,5,3.3,0,14
1123,27,1,5,22,348,10,4.2,1,1
1124,57,1,2,22,257,15,2.9,1,13
1125,55,1,1,34,379,0,4.2,0,9
1126,23,1,5,29,482,10,2.4,1,11
1127,25,0,5,38,241,20,4.8,1,1
1128,40,0,2,46,209,10,3.1,1,9
1129,64,1,1,33,113,20,3.4,1,1
1130,43,1,3,18,292,20,1.1,1,2
1131,63,0,2,7,307,20,1.7,1,2
1132,60,1,1,1,201,5,3.5,1,14
1133,29,0,5,33,264,15,2.7,0,6
1134,43,1,1,1,371,10,3.0,0,7
1135,30,1,1,24,215,15,1.3,1,11
1136,57,0,1,4,80,0,4.3,0,1
1137,35,0,3,4,420,10,4.1,1,3
1138,42,0,1,18,281,15,1.7,0,2
1139,50,0,3,27,331,15,3.5,1,8
1140,64,1,5,43,78,0,4.3,0,9
1141,57,0,3,32,244,20,3.6,1,13
1142,60,1,5,33,383,10,2.2,0,2
1143,29,0,5,28,305,10,3.6,0,2
1144,61,0,3,42,330,0,1.8,1,10
1145,53,1,2,41,353,20,2.3,1,9
1146,21,0,4,36,370,10,2.0,0,14
1147,22,0,1,6,486,10,3.2,0,4
1148,54,0,4,16,372,10,1.4,1,5
1149,25,0,1,34,395,20,4.7,0,13
1150,59,1,1,23,451,0,2.3,1,11
1151,45,1,5,42,442,10,1.9,0,9
1152,48,0,1,24,343,15,3.0,0,6
1153,26,0,1,49,136,20,2.1,1,10
1154,46,0,3,13,198,5,3.1,1,12
1155,31,1,4,18,298,0,2.4,1,9
1156,57,1,3,13,370,15,1.5,0,9
1157,58,1,1,49,454,10,2.1,0,7
1158,39,1,5,37,332,5,2.8,0,14
1159,28,0,3,43,411,0,1.1,1,12
1160,40,0,3,39,428,20,4.1,0,10
1161,18,0,2,42,247,5,3.5,0,9
1162,63,1,1,17,93,5,3.4,1,5
1163,54,0,5,15,405,15,3.2,0,5
1164,38,1,3,18,77,0,3.4,0,12
1165,43,1,3,23,478,15,4.7,1,8
1166,63,0,5,30,66,15,1.0,1,10
1167,53,0,1,34,176,10,1.2,1,4
1168,40,0,2,4,428,20,1.8,1,9
1169,18,1,3,3,217,5,1.7,1,7
1170,57,1,2,7,293,0,1.7,1,7
1171,32,0,4,18,436,20,3.7,1,13
1172,38,0,1,42,125,20,2.8,1,3
1173,64,1,4,7,280,0,5.0,1,4
1174,26,0,4,40,253,20,1.9,0,7
1175,26,1,4,6,499,10,2.2,1,11
1176,27,1,1,22,297,20,4.9,1,11
1177,43,0,1,1,351,10,4.3,0,14
1178,58,0,5,4,263,5,2.9,1,5
1179,52,0,2,46,264,5,3.2,0,12
1180,42,0,2,49,207,15,4.4,0,3
1181,43,1,5,43,118,10,2.9,1,1
1182,28,1,5,29,442,5,1.8,0,7
1183,55,1,4,21,134,20,4.3,1,6
1184,19,0,5,26,316,0,3.2,1,10
1185,24,1,3,14,118,0,1.6,0,7
1186,35,0,2,9,148,10,3.0,0,14
1187,44,0,5,47,396,15,2.7,0,2
1188,51,0,3,12,499,20,4.5,1,13
1189,44,0,3,42,265,10,1.5,1,12
1190,34,0,3,6,464,0,4.5,0,4
1191,60,0,3,20,210,10,3.0,1,2
1192,61,1,4,24,472,20,2.6,1,8
1193,41,0,3,27,143,5,1.6,0,7
1194,42,1,4,38,223,20,3.8,0,1
1195,24,1,4,8,214,5,4.7,0,2
1196,23,0,3,1,164,5,2.5,0,2
1197,41,0,2,49,269,5,2.0,0,4
1198,50,0,3,49,493,10,3.2,0,3
1199,46,1,3,24,80,0,4.2,0,1
1200,60,0,3,47,60,10,1.0,0,12
1201,39,1,2,7,392,0,3.5,0,14
1202,43,0,1,19,426,20,3.4,0,2
1203,45,0,1,22,179,15,2.3,1,11
1204,38,1,4,35,154,20,2.8,1,9
1205,24,1,4,30,76,10,2.0,0,13
1206,34,0,2,29,276,10,4.2,1,1
1207,37,1,5,22,51,0,3.5,1,9
1208,58,1,1,11,408,10,3.1,1,7
1209,37,1,4,20,150,5,2.6,1,2
1210,39,1,1,29,70,10,2.2,1,2
1211,45,1,2,41,107,0,4.3,1,5
1212,57,0,2,42,438,0,2.8,0,13
1213,24,0,5,34,229,5,3.0,0,5
1214,18,1,5,1,478,0,3.1,1,4
1215,49,0,2,31,390,15,2.8,1,12
1216,30,0,4,30,398,20,2.0,0,10
1217,47,1,1,48,69,10,1.5,1,10
1218,40,0,3,18,304,15,1.4,1,13
1219,36,1,5,17,366,10,4.0,1,12
1220,49,1,3,38,87,15,1.9,1,3
1221,47,0,4,14,197,10,1.2,1,4
1222,46,1,5,23,74,5,4.2,0,10
1223,62,1,3,25,435,0,1.6,0,4
1224,46,1,4,15,170,0,3.5,1,2
1225,47,1,1,46,465,5,2.4,0,5
1226,33,1,4,22,75,15,1.5,1,5
1227,57,0,5,3,218,20,2.7,1,5
1228,36,0,2,19,372,15,1.1,1,11
1229,35,1,1,44,274,0,4.4,1,11
1230,18,1,3,34,50,20,3.1,1,10
1231,31,0,5,35,356,10,1.6,1,1
1232,64,1,2,1,310,20,1.9,1,6
1233,19,0,4,21,62,15,2.8,1,11
1234,45,1,2,29,452,5,1.8,1,2
1235,47,1,5,6,445,10,2.1,0,7
1236,55,1,5,37,97,15,3.1,1,4
1237,21,1,2,1,458,10,4.3,0,5
1238,18,1,4,1,362,20,2.6,0,5
1239,25,1,2,27,420,0,3.9,1,5
1240,46,1,5,21,340,15,4.5,0,2
1241,56,0,5,16,381,5,1.9,1,5
1242,20,0,3,44,143,20,4.2,1,3
1243,49,0,3,40,310,15,4.0,1,4
1244,27,1,1,26,327,5,2.4,1,13
1245,27,1,5,16,408,15,5.0,0,2
1246,36,1,3,28,254,20,2.1,0,4
1247,63,1,2,1,234,15,2.0,1,13
1248,51,1,4,36,224,10,4.1,0,9
1249,50,1,2,10,487,20,2.7,0,8
1250,40,1,4,43,436,15,2.3,0,13
1251,45,0,3,17,429,0,1.7,1,14
1252,49,1,1,23,358,15,4.1,0,11
1253,24,0,2,7,464,10,4.1,0,12
1254,46,0,2,44,118,5,3.3,0,3
1255,25,1,2,7,153,5,4.8,1,1
1256,18,1,4,44,295,5,2.3,0,1
1257,20,0,3,15,210,0,1.9,0,6
1258,41,0,2,34,249,10,3.7,1,3
1259,40,1,2,46,265,20,4.0,0,4
1260,25,1,1,45,483,5,1.9,1,1
1261,64,0,1,4,261,10,1.3,1,8
1262,54,1,3,14,65,15,4.2,1,1
1263,20,1,3,14,421,0,4.9,1,5
1264,50,1,5,16,381,10,3.6,1,6
1265,45,0,1,7,254,10,2.1,1,2
1266,64,0,5,32,414,20,5.0,0,7
1267,25,0,4,19,88,10,4.6,1,7
1268,51,1,5,2,138,20,3.1,0,1
1269,52,1,2,10,479,0,4.3,0,4
1270,49,0,5,17,305,0,4.3,1,12
1271,41,0,3,37,303,15,4.7,0,13
1272,31,0,4,12,265,20,4.4,0,4
1273,49,1,2,6,417,20,3.6,0,5
1274,63,0,5,22,352,5,3.4,1,1
1275,60,0,4,32,221,5,2.9,0,1
1276,33,1,4,41,186,15,3.5,0,7
1277,21,1,2,20,433,0,4.2,1,9
1278,54,1,5,1,227,5,4.9,0,1
1279,38,0,4,47,126,10,2.9,0,2
1280,31,1,4,6,237,0,3.3,0,6
1281,48,1,1,19,64,10,2.8,1,6
1282,35,0,4,18,341,20,3.7,0,2
1283,24,1,1,6,368,0,3.5,0,9
1284,27,0,5,45,374,15,1.1,1,4
1285,24,0,5,33,263,20,3.2,1,13
1286,50,1,5,23,257,20,1.4,1,7
1287,40,1,3,23,218,10,1.1,0,6
1288,38,1,5,26,379,20,4.2,1,11
1289,36,1,4,13,329,5,2.0,1,13
1290,36,1,2,7,354,0,2.4,1,11
1291,53,1,1,15,195,5,1.3,0,3
1292,46,0,3,44,312,10,1.7,1,8
1293,35,0,5,27,53,10,4.1,1,7
1294,19,1,5,26,139,0,3.0,1,9
1295,18,0,2,33,109,20,4.5,1,3
1296,64,1,2,15,360,15,2.6,1,1
1297,22,0,3,36,65,10,2.1,0,2
1298,37,0,1,45,276,0,2.4,0,12
1299,28,0,5,27,78,15,3.9,1,11
1300,59,1,3,5,200,20,3.2,1,12
1301,19,0,4,2,294,10,4.6,1,1
1302,20,1,4,33,319,0,3.4,0,11
1303,40,0,3,16,128,0,3.0,0,5
1304,29,0,5,23,482,0,4.1,0,10
1305,37,0,3,38,338,10,4.8,0,14
1306,22,0,5,16,202,15,2.4,1,2
1307,54,0,2,14,326,0,2.0,1,3
1308,55,1,3,29,450,20,3.5,1,8
1309,47,1,5,26,328,0,3.0,1,10
1310,26,0,3,35,106,15,5.0,0,14
1311,51,0,3,15,235,10,2.8,1,5
1312,61,0,5,3,447,0,1.3,0,4
1313,52,0,5,23,142,0,4.9,0,5
1314,39,1,1,29,325,20,4.4,1,10
1315,61,0,3,34,207,20,1.7,0,6
1316,41,1,4,33,324,0,4.6,0,12
1317,34,0,3,41,230,0,2.4,1,7
1318,27,1,3,41,408,20,2.5,0,14
1319,47,0,5,23,489,15,4.6,0,13
1320,63,0,3,7,126,5,3.1,1,9
1321,40,1,3,3,200,5,1.6,0,1
1322,49,0,4,32,495,0,2.5,0,4
1323,34,0,5,31,287,20,3.9,1,12
1324,34,0,3,18,338,10,1.7,0,12
1325,31,1,2,43,280,10,3.4,1,9
1326,26,0,1,7,67,5,3.8,0,5
1327,57,0,4,41,122,15,2.4,0,8
1328,19,1,3,1,466,5,3.8,1,12
1329,62,1,2,14,465,0,4.5,1,1
1330,42,1,3,32,238,15,2.9,0,4
1331,56,0,3,6,487,10,2.5,1,12
1332,26,0,5,39,66,20,2.0,0,14
1333,39,0,5,10,68,20,3.4,1,12
1334,60,1,5,7,268,0,4.5,0,9
1335,63,0,2,26,375,5,2.3,0,13
1336,21,0,3,34,169,0,2.6,0,1
1337,43,1,1,30,150,20,2.6,0,1
1338,46,1,4,36,83,10,3.2,0,4
1339,62,1,5,21,133,20,1.9,1,14
1340,51,1,5,17,458,15,4.3,1,3
1341,40,1,3,33,245,20,2.2,0,7
1342,54,0,3,10,379,20,3.8,0,11
1343,28,1,2,47,251,15,3.1,1,3
1344,23,0,2,42,393,5,3.3,1,1
1345,35,0,5,12,390,20,1.7,1,12
1346,38,1,3,16,60,0,3.9,1,11
1347,59,1,1,41,396,20,1.8,1,10
1348,53,1,4,32,449,0,1.5,0,2
1349,58,0,3,15,267,15,3.2,0,10
1350,55,1,3,27,494,20,3.8,1,13
1351,51,1,2,28,302,15,1.2,1,4
1352,34,1,4,17,271,15,1.3,1,1
1353,54,1,5,46,432,5,4.2,1,1
1354,42,1,3,2,418,20,4.2,1,12
1355,55,0,5,36,129,0,2.0,1,14
1356,29,0,3,7,56,0,3.5,1,8
1357,40,0,5,13,321,20,2.8,1,7
1358,59,1,4,15,276,5,3.5,1,14
1359,39,1,2,25,65,5,4.5,0,8
1360,38,1,4,23,473,5,1.3,1,13
1361,44,0,1,22,61,0,4.1,1,4
1362,48,1,2,26,340,15,3.0,0,6
1363,23,1,4,33,290,5,3.3,0,13
1364,44,1,1,11,70,0,3.6,0,3
1365,57,0,3,10,227,0,4.7,1,11
1366,51,1,3,25,476,15,1.2,1,13
1367,29,0,5,37,277,20,1.1,1,8
1368,62,1,2,48,322,20,1.7,1,4
1369,24,0,3,43,337,5,4.9,0,3
1370,27,0,2,38,346,5,3.9,1,4
1371,62,0,3,41,183,15,3.5,1,6
1372,34,1,5,45,332,5,1.2,0,11
1373,43,1,4,24,453,15,4.5,1,7
1374,38,0,5,40,202,0,4.3,1,7
1375,45,0,1,46,115,5,3.7,1,14
1376,63,1,3,33,186,0,2.4,1,12
1377,19,1,1,17,141,10,1.3,0,4
1378,60,0,1,24,486,15,3.3,0,8
1379,18,1,2,37,366,10,3.9,0,7
1380,53,1,3,2,471,5,1.4,0,2
1381,43,1,1,32,308,0,3.5,1,13
1382,46,1,4,24,152,5,2.1,1,8
1383,38,0,1,9,104,10,4.1,1,9
1384,28,1,4,4,306,5,3.2,0,5
1385,57,1,2,17,150,20,1.5,0,4
1386,28,0,1,17,247,10,3.1,0,4
1387,53,0,5,48,350,5,2.6,1,13
1388,56,1,2,30,275,0,1.7,1,4
1389,57,1,4,40,480,5,4.4,0,6
1390,52,1,2,11,286,0,1.0,0,11
1391,51,1,1,21,75,20,2.2,1,4
1392,64,0,3,21,170,5,1.1,1,7
1393,41,0,3,18,447,20,1.4,1,7
1394,39,0,4,29,231,10,2.2,0,5
1395,22,1,4,24,248,0,1.2,0,13
1396,50,1,3,10,351,10,3.4,0,5
1397,53,1,4,45,304,0,1.3,0,10
1398,64,1,2,17,171,20,3.8,1,8
1399,37,0,5,18,80,15,1.2,1,7
1400,36,0,5,42,364,5,1.2,1,14
1401,52,1,2,48,334,20,2.2,0,7
1402,60,0,5,20,155,0,4.6,1,6
1403,34,1,1,37,273,0,3.6,1,7
1404,62,1,2,45,322,0,4.1,1,7
1405,60,0,4,18,447,0,1.6,1,10
1406,51,1,2,17,281,5,4.3,1,14
1407,26,1,3,9,469,10,1.0,0,2
1408,43,0,4,14,305,15,1.9,1,14
1409,19,1,3,49,491,5,3.5,1,10
1410,26,1,4,29,73,0,2.5,0,2
1411,26,0,5,31,158,5,4.9,0,14
1412,57,1,2,4,240,20,1.1,1,10
1413,34,0,1,18,396,0,5.0,1,7
1414,18,1,4,20,74,15,3.5,1,14
1415,42,0,4,47,236,0,3.2,1,10
1416,60,0,3,43,337,15,1.2,0,7
1417,57,0,5,44,165,15,2.1,1,7
1418,59,1,3,9,387,10,4.7,0,5
1419,42,0,3,13,415,10,2.4,1,1
1420,56,0,5,15,451,5,3.6,1,14
1421,52,0,1,27,86,5,5.0,1,2
1422,20,0,3,15,331,15,2.1,0,13
1423,54,0,3,28,186,0,3.3,1,9
1424,61,1,4,37,276,20,3.8,1,8
1425,61,1,5,19,369,20,1.7,0,8
1426,47,1,2,26,377,0,1.6,1,10
1427,55,1,1,26,453,0,2.8,0,1
1428,51,1,1,25,231,10,2.5,1,6
1429,29,1,5,26,411,20,3.9,0,9
1430,36,1,4,26,135,15,1.3,0,8
1431,54,0,4,46,463,5,4.9,0,3
1432,61,1,5,28,102,10,1.1,1,4
1433,34,0,4,49,397,20,3.4,0,3
1434,27,0,1,18,404,0,3.3,0,6
1435,64,1,1,32,284,20,1.5,1,14
1436,29,0,2,3,496,15,1.6,0,9
1437,33,0,5,2,316,10,4.2,1,8
1438,41,0,3,33,336,0,4.6,1,13
1439,36,0,3,42,482,15,2.1,0,10
1440,25,1,2,19,149,5,2.8,0,4
1441,48,1,2,17,136,10,2.4,1,2
1442,38,1,4,44,452,15,1.3,0,13
1443,34,1,2,33,445,15,3.7,0,8
1444,40,1,2,12,64,0,4.3,0,8
1445,54,1,3,49,464,5,2.2,0,14
1446,33,1,4,3,476,15,5.0,1,12
1447,23,1,2,43,150,10,1.3,1,11
1448,25,1,2,49,214,15,3.6,0,6
1449,42,1,4,26,78,20,2.8,1,14
1450,35,0,5,35,163,10,2.8,0,8
1451,42,1,4,8,156,10,2.8,0,9
1452,29,0,3,36,459,15,2.0,0,13
1453,32,0,5,7,413,0,3.9,0,1
1454,43,0,1,46,179,10,3.9,1,9
1455,58,0,4,46,133,20,2.1,0,2
1456,62,1,3,36,320,0,4.3,1,14
1457,43,0,5,16,293,0,2.3,0,13
1458,64,1,4,24,437,0,3.9,1,1
1459,49,1,2,1,263,10,1.5,1,8
1460,27,0,4,49,355,0,1.7,1,8
1461,33,1,1,25,215,15,2.3,1,11
1462,24,0,4,10,328,0,3.4,0,4
1463,34,0,5,16,108,20,3.6,1,8
1464,40,1,5,16,139,5,2.6,0,7
1465,43,1,4,8,420,20,1.3,1,13
1466,38,0,5,29,380,10,2.5,1,2
1467,39,1,2,39,461,0,3.8,1,5
1468,24,1,4,28,243,0,3.7,0,14
1469,31,1,2,6,172,15,1.6,1,10
1470,32,0,2,16,185,0,1.0,0,4
1471,24,0,3,20,462,20,4.0,0,3
1472,26,1,4,16,188,10,1.4,0,1
1473,25,1,5,7,278,5,1.3,1,5
1474,40,1,2,41,323,0,1.0,1,10
1475,46,1,3,14,488,5,2.7,1,8
1476,35,1,4,43,99,0,3.0,1,12
1477,48,0,4,26,447,10,3.6,1,9
1478,47,1,1,26,167,20,2.2,1,7
1479,56,0,1,14,251,10,3.8,1,12
1480,52,1,2,7,442,5,1.7,0,11
1481,35,0,1,33,444,0,4.3,1,1
1482,59,1,2,26,240,5,3.3,0,1
1483,56,0,5,45,413,20,3.3,0,1
1484,34,1,2,20,372,10,1.8,1,2
1485,31,0,1,3,230,5,1.3,1,1
1486,48,0,5,4,472,5,2.9,0,4
1487,41,0,1,26,127,20,3.5,0,10
1488,52,0,2,11,489,0,1.4,1,9
1489,61,0,3,2,461,5,4.8,0,12
1490,62,0,4,14,124,20,4.9,0,4
1491,51,1,1,44,344,0,3.2,0,13
1492,20,0,2,30,330,0,4.8,0,4
1493,54,1,5,49,70,10,1.7,1,7
1494,60,1,1,12,443,20,1.1,1,14
1495,57,1,1,26,220,0,1.2,0,11
1496,43,1,4,44,64,10,3.4,0,9
1497,40,1,2,33,260,15,1.2,0,7
1498,61,0,3,13,97,20,4.8,1,1
1499,56,0,5,14,135,15,1.6,1,1
1500,32,0,2,24,198,0,2.2,0,4
1501,21,1,5,34,237,20,4.3,0,4
1502,46,0,1,44,421,10,1.9,0,1
1503,39,0,4,26,355,0,2.0,1,6
1504,42,0,4,21,200,20,3.6,0,10
1505,30,0,3,28,190,20,2.1,0,2
1506,35,0,4,48,118,15,1.9,0,11
1507,50,1,1,36,309,0,2.0,0,5
1508,33,0,3,40,383,10,3.0,0,8
1509,62,1,2,2,58,10,4.9,1,3
1510,59,1,4,42,170,0,4.3,1,9
1511,61,1,3,9,420,0,2.1,1,7
1512,19,1,1,23,468,5,2.5,0,9
1513,52,1,5,15,150,15,2.9,1,1
1514,59,0,5,13,198,0,4.9,0,5
1515,51,0,1,23,491,0,1.7,1,12
1516,47,0,1,17,195,5,2.4,1,13
1517,30,1,5,48,402,5,3.9,0,3
1518,30,0,3,2,292,20,4.9,0,4
1519,35,0,5,20,290,10,1.6,0,4
1520,49,1,1,20,386,15,1.9,1,11
1521,49,1,4,46,92,20,1.9,0,12
1522,52,1,2,3,144,0,1.1,1,7
1523,56,1,4,12,275,5,3.4,1,10
1524,63,0,4,40,55,10,3.7,1,11
1525,46,1,1,2,263,20,3.4,0,8
1526,46,1,5,36,255,10,1.3,0,11
1527,61,0,3,14,116,5,1.3,0,10
1528,33,0,4,16,445,20,1.8,1,5
1529,61,1,5,19,149,20,2.2,1,13
1530,64,0,3,34,61,10,4.1,0,13
1531,27,1,4,44,286,5,1.6,1,12
1532,47,1,3,46,371,0,1.2,1,10
1533,42,0,5,6,307,20,2.6,1,7
1534,56,0,2,13,448,0,2.7,0,3
1535,37,1,5,36,456,5,2.8,1,3
1536,22,1,1,22,462,20,4.3,1,3
1537,18,1,3,18,386,20,1.4,0,12
1538,47,0,2,12,184,0,3.8,0,4
1539,20,1,3,30,271,15,2.4,0,6
1540,62,1,3,40,205,0,2.2,0,5
1541,31,1,4,7,191,0,4.7,0,8
1542,47,1,1,32,477,15,2.0,0,14
1543,21,1,3,48,207,5,3.6,1,14
1544,35,0,5,19,465,5,2.1,1,12
1545,54,1,5,6,375,20,3.0,1,13
1546,42,1,4,20,420,10,4.1,1,5
1547,18,1,1,27,393,10,4.5,0,11
1548,63,1,1,43,311,20,4.4,1,12
1549,32,0,5,37,332,10,3.3,0,5
1550,26,0,2,48,387,0,2.0,0,14
1551,32,0,4,7,393,0,3.6,1,10
1552,41,1,4,5,278,15,3.8,1,2
1553,21,1,5,11,425,15,1.0,0,12
1554,29,0,5,15,329,20,2.8,0,11
1555,54,0,2,3,407,20,4.4,0,11
1556,54,0,2,5,339,20,3.0,0,5
1557,60,1,1,23,217,0,2.2,1,12
1558,23,1,4,37,96,10,4.5,0,7
1559,56,0,4,9,252,20,1.6,1,2
1560,63,0,5,15,263,20,1.8,0,14
1561,41,0,1,3,295,0,3.7,0,13
1562,28,1,4,29,73,0,2.4,0,6
1563,30,1,1,6,370,0,3.9,1,7
1564,51,1,1,17,323,10,1.6,0,5
1565,42,0,5,26,93,20,2.0,1,9
1566,24,0,1,21,381,5,1.6,1,14
1567,21,1,2,8,362,5,4.8,1,4
1568,25,0,2,21,412,20,2.6,0,14
1569,37,1,3,11,205,20,2.3,1,14
1570,46,0,5,38,429,20,1.1,1,13
1571,62,0,3,8,248,20,1.6,0,10
1572,63,0,2,42,456,10,2.7,0,1
1573,27,0,3,24,211,5,1.3,1,14
1574,60,1,5,35,444,15,3.0,1,8
1575,51,0,5,14,283,5,2.8,0,8
1576,43,1,1,14,212,5,4.1,1,7
1577,58,1,4,10,165,0,3.6,1,8
1578,20,1,1,12,142,20,2.8,1,2
1579,23,0,5,38,91,20,1.9,0,3
1580,22,1,2,44,333,20,3.9,1,9
1581,22,1,2,46,428,0,3.8,0,1
1582,64,1,1,34,259,10,1.6,0,8
1583,40,0,5,41,255,10,4.7,0,8
1584,26,0,2,10,269,15,1.3,1,7
1585,52,1,5,17,329,10,1.2,0,13
1586,37,0,2,17,185,10,1.7,1,14
1587,59,1,5,3,155,20,4.6,0,11
1588,52,1,3,31,167,5,3.1,1,5
1589,35,0,5,1,286,10,4.2,1,4
1590,34,1,5,12,358,10,1.9,1,10
1591,41,0,1,39,437,0,3.0,0,10
1592,20,0,3,4,149,15,2.4,1,13
1593,49,1,4,42,310,0,4.3,1,10
1594,52,0,1,13,354,20,1.1,0,14
1595,55,0,4,34,403,5,2.0,0,10
1596,30,1,2,42,335,15,1.6,1,6
1597,64,1,4,21,377,0,4.4,0,12
1598,42,0,5,22,152,10,2.9,0,11
1599,26,0,4,4,112,10,2.6,0,1
1600,21,1,1,18,224,15,2.8,1,13
1601,31,0,1,5,331,10,4.9,0,5
1602,54,0,4,19,490,0,4.4,1,14
1603,51,0,1,2,342,0,3.8,0,4
1604,28,0,1,12,275,10,2.2,0,4
1605,58,0,4,17,56,10,1.7,1,7
1606,20,0,3,10,176,20,4.7,0,9
1607,45,0,3,34,473,5,2.7,0,8
1608,46,1,2,6,141,15,2.1,0,11
1609,26,1,1,8,472,0,2.9,0,13
1610,20,1,4,11,239,15,4.7,1,14
1611,42,1,1,12,408,20,2.5,1,12
1612,51,1,5,9,102,0,3.3,1,8
1613,29,0,1,2,291,20,4.2,1,5
1614,59,0,1,8,181,20,2.7,1,6
1615,26,0,3,11,413,10,1.9,1,2
1616,32,0,4,36,161,15,5.0,1,13
1617,57,1,1,10,458,15,4.8,0,11
1618,42,0,3,21,56,10,4.4,1,14
1619,22,0,2,20,279,15,3.8,1,3
1620,28,1,3,48,205,10,2.2,1,5
1621,51,0,3,8,246,0,4.7,0,2
1622,41,0,3,36,372,20,2.1,1,3
1623,32,1,1,29,413,20,4.2,1,4
1624,55,0,1,42,272,15,4.7,1,6
1625,25,0,2,12,416,5,3.4,0,5
1626,22,0,5,14,299,20,4.2,1,10
1627,43,0,5,48,453,10,4.2,0,4
1628,35,0,5,21,132,5,1.8,0,13
1629,23,1,2,22,289,5,3.7,0,2
1630,54,1,5,21,429,20,1.4,0,12
1631,30,1,5,44,444,20,3.0,1,11
1632,45,1,3,30,409,20,1.6,0,5
1633,22,1,1,39,372,10,2.7,0,5
1634,30,1,1,20,312,5,4.3,1,11
1635,34,0,3,24,456,15,4.9,0,7
1636,57,1,3,23,238,10,2.3,0,1
1637,62,1,3,7,415,0,3.1,0,4
1638,49,0,1,9,339,20,3.0,0,11
1639,46,0,5,1,411,5,4.8,0,5
1640,20,1,3,26,452,10,2.9,0,8
1641,57,0,2,38,107,0,3.8,1,12
1642,51,1,3,38,58,10,4.7,1,12
1643,57,0,4,44,353,10,2.5,1,8
1644,44,1,3,22,164,15,4.6,1,1
1645,30,0,1,44,259,15,4.7,0,5
1646,62,0,3,10,90,10,4.7,0,10
1647,50,1,4,6,353,0,2.1,0,1
1648,23,1,2,17,222,5,2.6,1,1
1649,41,1,5,38,283,5,4.5,1,2
1650,36,1,3,24,330,20,2.4,0,2
1651,33,1,4,10,421,20,3.4,0,9
1652,57,0,4,8,127,5,1.5,1,4
1653,45,1,2,21,157,10,1.2,1,3
1654,50,1,1,6,330,10,2.6,1,11
1655,58,0,3,21,452,15,3.3,1,1
1656,30,0,4,39,88,15,2.6,0,12
1657,60,1,2,24,168,20,3.3,1,2
1658,62,0,5,33,384,5,3.1,1,6
1659,42,0,4,18,385,10,3.7,0,9
1660,59,1,2,28,76,5,3.6,0,5
1661,53,0,1,32,153,0,2.7,0,4
1662,44,0,1,12,123,5,2.7,1,13
1663,55,1,4,48,240,0,1.6,1,5
1664,24,1,4,42,373,15,3.1,1,9
1665,22,0,3,27,196,15,3.3,1,12
1666,60,0,2,10,304,20,2.9,0,13
1667,62,1,4,46,333,5,2.3,0,7
1668,48,0,3,42,262,5,3.9,1,8
1669,40,0,3,32,172,0,1.3,1,4
1670,59,0,4,42,255,15,4.7,1,11
1671,27,1,1,26,466,0,1.1,0,8
1672,49,0,2,25,289,15,4.8,1,6
1673,60,0,2,11,443,0,2.8,0,5
1674,47,1,1,23,388,15,2.7,1,13
1675,56,0,4,34,335,0,2.0,0,12
1676,48,0,2,40,71,15,1.0,0,7
1677,35,1,4,23,308,0,2.1,1,6
1678,53,1,4,29,406,5,1.4,0,3
1679,19,1,3,31,154,20,3.6,0,5
1680,31,1,1,7,481,0,2.3,1,9
1681,30,0,4,40,307,20,4.1,0,7
1682,46,0,5,33,253,5,1.8,1,12
1683,29,1,1,21,359,5,4.6,0,4
1684,56,1,2,2,311,15,3.1,0,7
1685,19,0,3,18,156,20,1.5,0,5
1686,49,1,2,47,300,10,2.6,0,11
1687,30,0,2,33,473,15,1.8,1,13
1688,63,1,1,37,270,20,1.8,1,2
1689,44,0,2,34,428,0,3.0,1,13
1690,58,1,4,20,271,0,3.7,0,6
1691,34,1,2,35,307,5,4.6,0,7
1692,57,0,3,18,250,10,3.0,1,8
1693,48,1,3,46,416,0,4.9,1,6
1694,51,0,5,24,307,20,4.8,1,8
1695,41,0,3,8,398,20,4.5,1,7
1696,62,0,2,30,274,0,3.0,0,2
1697,52,0,3,44,251,20,1.6,1,14
1698,23,0,1,10,275,20,1.9,0,6
1699,36,1,3,23,285,5,3.6,1,9
1700,47,1,4,49,232,10,2.7,0,12
1701,24,0,1,11,249,5,1.6,1,6
1702,27,1,5,2,406,10,2.9,1,4
1703,58,0,4,26,295,20,1.1,0,7
1704,49,1,2,36,493,10,3.9,0,3
1705,51,1,2,33,402,20,1.3,1,5
1706,45,1,2,47,160,20,3.5,0,1
1707,32,1,4,13,55,5,4.2,1,10
1708,47,0,4,40,285,5,1.5,0,3
1709,54,0,4,25,176,15,3.1,1,8
1710,46,1,1,4,153,0,4.1,1,9
1711,39,1,1,42,286,15,2.0,1,9
1712,21,0,2,19,452,15,1.7,1,10
1713,37,1,3,18,204,10,2.3,1,2
1714,49,0,2,37,306,20,3.2,1,4
1715,53,0,5,30,284,20,3.3,1,5
1716,21,0,1,19,338,20,1.5,1,3
1717,44,1,4,23,89,0,2.8,0,13
1718,34,0,1,16,337,10,2.1,0,11
1719,29,1,4,1,246,10,4.4,0,1
1720,39,0,5,12,322,20,2.3,1,6
1721,34,1,5,24,431,15,4.4,1,14
1722,27,1,1,34,313,0,2.7,1,10
1723,18,1,4,8,106,15,3.9,0,2
1724,39,0,5,18,347,5,3.0,0,9
1725,43,0,2,48,147,10,3.5,0,1
1726,35,1,2,5,186,10,2.6,0,11
1727,31,1,4,26,425,15,4.1,0,9
1728,64,1,1,30,136,0,2.7,1,7
1729,46,0,5,13,468,10,2.8,0,11
1730,29,0,1,19,291,15,3.1,1,13
1731,53,0,2,29,248,0,4.3,1,10
1732,52,0,5,3,486,15,3.6,1,2
1733,29,1,1,26,359,0,2.4,0,14
1734,24,1,3,40,133,20,3.7,0,6
1735,46,0,4,12,291,0,3.6,1,8
1736,28,0,4,2,330,5,4.7,0,2
1737,50,1,3,11,372,20,4.4,0,5
1738,23,0,2,44,301,15,3.6,1,13
1739,64,0,5,28,239,20,2.4,1,12
1740,32,0,4,18,488,20,4.1,1,11
1741,49,0,3,13,479,15,3.3,1,6
1742,28,0,3,37,201,15,4.9,1,3
1743,40,0,2,22,351,5,2.0,0,14
1744,43,1,2,12,327,15,1.3,1,12
1745,51,0,1,2,188,10,1.3,0,2
1746,63,0,4,37,225,10,3.6,0,11
1747,51,1,1,7,57,5,4.8,1,6
1748,46,1,3,26,344,0,1.0,1,3
1749,21,1,5,26,284,0,3.9,0,2
1750,34,0,5,24,212,10,3.6,1,1
1751,52,1,2,12,98,15,3.9,0,14
1752,30,0,5,16,351,5,2.4,1,8
1753,58,0,5,23,87,0,4.3,1,1
1754,56,0,5,40,185,0,1.2,0,12
1755,32,1,3,9,359,20,4.0,0,5
1756,46,1,5,32,470,10,2.1,1,11
1757,46,1,5,15,268,15,2.9,1,6
1758,28,1,5,37,397,5,4.3,1,11
1759,49,1,1,13,345,0,2.1,0,12
1760,19,0,3,5,83,20,1.7,1,12
1761,64,0,2,11,401,10,3.7,1,3
1762,31,0,1,10,128,10,3.1,1,14
1763,37,0,4,13,285,5,3.1,1,7
1764,39,1,3,41,432,0,2.0,0,2
1765,28,1,3,46,322,5,1.1,0,7
1766,44,0,4,15,210,5,2.6,0,2
1767,20,1,4,42,224,20,1.4,1,5
1768,34,1,4,7,415,10,4.6,1,7
1769,61,0,2,40,357,15,1.2,1,11
1770,45,0,5,28,423,10,2.7,0,11
1771,46,1,3,32,270,10,1.2,0,14
1772,38,1,5,35,58,20,1.4,0,3
1773,64,0,5,15,338,15,3.6,0,14
1774,33,0,4,48,493,0,3.6,1,11
1775,54,0,2,36,162,15,1.1,0,4
1776,37,1,1,21,254,0,1.0,0,1
1777,23,0,2,6,454,15,1.3,1,3
1778,36,0,5,1,235,5,4.1,0,9
1779,22,1,2,4,390,15,3.3,1,10
1780,20,1,4,11,246,20,1.2,1,5
1781,18,1,1,44,315,0,3.0,1,8
1782,55,1,4,26,311,10,3.8,1,2
1783,32,1,1,37,297,20,4.5,1,3
1784,51,0,5,23,164,0,4.7,0,7
1785,52,0,1,29,170,0,2.3,0,14
1786,42,1,1,21,190,10,1.5,1,10
1787,41,1,1,48,114,5,1.9,0,4
1788,29,1,2,45,325,20,4.1,1,9
1789,35,1,2,45,362,10,4.9,0,14
1790,32,1,5,49,288,10,2.9,0,7
1791,61,0,1,27,351,5,2.2,0,14
1792,33,0,3,39,441,20,2.7,0,11
1793,44,0,5,40,59,10,2.2,0,12
1794,25,0,1,13,418,5,2.0,0,1
1795,63,1,1,23,282,20,3.4,0,4
1796,42,0,2,16,244,15,1.1,1,10
1797,34,1,5,30,444,0,2.0,1,11
1798,46,1,1,4,61,5,3.6,1,6
1799,25,1,1,40,443,0,1.1,0,6
1800,32,0,5,16,458,15,1.3,0,10
1801,44,1,3,31,226,10,2.2,1,6
1802,63,0,5,42,226,10,4.5,1,5
1803,24,0,5,25,266,20,4.1,0,3
1804,20,1,3,44,60,5,1.1,1,2
1805,46,1,5,12,495,5,3.0,1,3
1806,61,1,1,26,167,20,2.1,1,9
1807,41,0,5,37,213,0,3.6,1,3
1808,20,1,3,48,88,10,3.9,0,3
1809,37,0,4,33,102,10,4.5,1,1
1810,63,1,5,28,267,5,2.9,1,2
1811,32,1,2,9,255,5,5.0,1,11
1812,42,0,1,12,361,20,4.9,1,12
1813,47,0,1,5,409,15,4.5,0,3
1814,31,0,2,28,434,0,3.3,1,2
1815,24,0,2,35,105,15,2.6,1,8
1816,34,0,5,5,167,15,2.5,1,6
1817,61,0,2,34,437,5,1.0,1,7
1818,37,1,4,46,302,5,2.0,1,1
1819,53,1,3,34,335,5,3.9,0,6
1820,26,0,2,13,317,15,3.4,1,2
1821,55,1,2,39,340,0,4.7,1,13
1822,39,0,4,42,382,5,1.2,0,6
1823,19,1,1,45,229,10,1.6,1,3
1824,41,1,1,48,464,0,4.2,0,7
1825,25,0,5,14,407,10,2.4,1,3
1826,28,0,4,11,284,0,1.5,0,9
1827,30,0,3,42,392,5,5.0,0,3
1828,34,1,3,38,245,20,4.1,1,7
1829,25,0,4,4,357,5,2.6,0,12
1830,38,1,3,33,129,15,4.3,1,4
1831,35,0,1,7,184,15,3.7,0,8
1832,47,1,3,41,71,0,4.2,0,14
1833,35,1,3,8,380,15,4.3,1,2
1834,63,0,4,37,489,5,1.3,0,8
1835,64,1,4,10,274,10,3.5,1,9
1836,48,1,3,43,107,5,1.0,0,13
1837,55,0,2,15,142,0,1.2,0,8
1838,49,1,4,38,241,15,4.6,1,6
1839,28,0,5,15,152,10,3.1,1,10
1840,62,0,5,5,445,20,3.9,0,1
1841,42,0,1,29,56,10,4.4,1,7
1842,50,0,3,19,177,10,4.8,1,1
1843,55,1,2,10,104,5,4.5,0,7
1844,58,1,1,12,280,20,2.9,0,14
1845,25,1,3,4,411,0,2.3,1,2
1846,28,0,4,31,111,0,1.6,0,8
1847,39,1,5,18,289,10,2.6,1,2
1848,41,1,2,16,139,10,2.5,1,3
1849,58,0,5,40,281,15,3.2,1,13
1850,34,0,4,36,282,20,3.7,1,12
1851,29,1,3,25,403,10,4.9,1,3
1852,63,0,4,23,382,15,3.9,1,1
1853,49,0,4,12,488,20,3.6,0,5
1854,32,0,5,34,424,0,2.3,1,5
1855,33,0,2,36,341,15,1.1,0,10
1856,39,1,4,37,394,20,2.2,1,5
1857,45,0,5,3,201,15,4.1,0,14
1858,37,0,2,9,477,10,1.8,0,13
1859,50,0,3,18,194,5,3.8,0,9
1860,27,0,3,43,179,0,3.3,1,6
1861,57,0,1,35,190,10,1.7,0,6
1862,49,0,5,34,464,10,2.0,0,3
1863,50,0,2,41,142,20,3.0,1,5
1864,19,0,4,14,163,15,2.7,0,10
1865,50,1,3,4,333,0,4.1,0,7
1866,50,0,2,29,493,10,3.9,1,3
1867,58,1,5,41,460,20,3.3,0,2
1868,30,0,1,45,192,0,4.3,0,5
1869,47,0,3,15,272,15,3.3,1,3
1870,50,0,2,28,281,10,4.9,0,5
1871,30,0,2,42,82,10,1.9,0,9
1872,43,1,2,16,325,10,3.9,0,11
1873,39,0,5,12,219,0,2.5,0,10
1874,56,0,5,5,189,0,2.1,1,1
1875,19,1,5,34,406,0,1.7,1,4
1876,55,1,4,42,250,0,3.2,1,10
1877,56,0,2,1,72,20,1.9,1,5
1878,43,1,3,39,273,5,1.8,0,2
1879,63,1,5,32,417,20,5.0,1,12
1880,32,1,5,26,319,10,4.2,1,2
1881,51,0,2,17,396,20,4.0,0,1
1882,59,0,5,48,202,15,4.2,0,14
1883,61,0,4,27,382,0,4.9,0,8
1884,57,1,4,24,134,15,3.3,1,2
1885,28,0,5,35,158,15,1.9,0,3
1886,20,1,2,46,80,10,4.4,0,12
1887,23,0,2,42,278,0,4.0,0,2
1888,26,0,2,39,289,15,2.7,1,4
1889,23,1,1,26,427,10,2.9,1,14
1890,26,0,5,49,412,0,2.6,1,1
1891,56,1,2,38,359,5,4.7,1,3
1892,48,1,4,23,438,10,2.4,1,5
1893,49,0,3,22,190,20,4.9,1,10
1894,58,1,3,4,205,0,4.6,1,1
1895,29,0,2,49,348,15,3.5,0,4
1896,25,0,3,9,394,15,3.3,0,6
1897,25,1,3,4,420,20,2.5,0,4
1898,45,0,1,7,148,20,1.1,1,7
1899,37,1,4,23,96,15,1.5,1,14
1900,64,0,4,2,376,0,4.0,0,7
1901,24,0,1,49,471,10,2.9,0,6
1902,28,0,1,24,116,20,1.6,1,9
1903,37,0,3,40,111,20,2.1,1,2
1904,33,0,5,31,158,20,4.8,1,13
1905,21,1,3,47,216,5,2.5,1,10
1906,23,1,1,31,86,0,4.6,1,8
1907,39,1,4,47,168,0,2.2,1,8
1908,43,1,3,40,135,0,3.2,1,11
1909,20,1,5,48,431,0,1.1,1,10
1910,58,1,3,43,441,0,3.1,0,14
1911,59,0,2,34,101,15,3.5,1,14
1912,31,0,3,24,140,20,1.9,1,11
1913,28,1,1,49,338,15,3.3,1,4
1914,35,1,4,26,386,5,3.6,0,6
1915,29,0,4,16,347,10,3.7,0,11
1916,40,0,1,47,253,20,4.1,1,6
1917,29,0,2,13,417,5,2.2,0,5
1918,30,1,1,15,287,15,3.3,0,14
1919,42,1,3,27,431,10,4.9,0,1
1920,62,1,1,4,204,5,4.6,1,3
1921,36,0,1,16,289,10,4.8,1,7
1922,63,0,2,30,185,5,2.5,1,8
1923,53,1,3,44,456,15,4.1,1,2
1924,62,1,5,30,411,10,3.5,1,3
1925,25,0,5,36,430,5,1.3,1,4
1926,46,0,4,3,418,15,4.3,1,14
1927,49,0,1,22,113,20,3.7,0,11
1928,61,0,4,49,172,15,1.8,1,5
1929,35,1,2,22,303,15,1.3,1,3
1930,23,0,5,49,163,20,4.3,1,5
1931,35,0,1,12,69,15,1.3,1,8
1932,36,0,2,21,65,20,1.4,1,8
1933,39,1,2,4,194,20,2.7,1,14
1934,54,1,1,31,257,20,1.5,1,2
1935,49,0,2,44,68,5,4.7,1,6
1936,58,0,1,31,425,10,2.9,0,4
1937,20,0,1,23,441,5,3.3,0,9
1938,45,1,3,20,215,20,4.7,1,10
1939,27,1,4,15,87,10,3.1,1,2
1940,52,1,2,23,230,10,2.4,0,8
1941,46,0,2,28,398,20,4.2,1,1
1942,32,1,3,16,154,10,2.8,1,11
1943,50,0,3,37,149,10,2.3,0,6
1944,24,0,3,21,139,5,3.9,1,11
1945,29,0,5,15,464,10,4.2,1,11
1946,47,1,5,17,349,20,4.2,1,14
1947,38,0,5,37,493,0,4.9,0,12
1948,48,1,1,13,381,0,4.1,0,10
1949,41,1,2,19,450,0,4.1,1,13
1950,37,0,4,30,128,20,4.4,0,1
1951,54,0,1,45,122,0,1.0,0,2
1952,21,1,2,18,472,5,2.4,0,3
1953,45,0,2,14,475,20,4.0,1,9
1954,61,1,3,36,225,20,3.4,0,5
1955,37,0,3,36,445,20,1.7,0,10
1956,41,1,1,20,145,10,2.2,0,10
1957,49,1,3,19,394,10,2.3,1,12
1958,58,1,2,45,152,10,3.3,0,2
1959,53,1,3,44,451,15,4.3,0,10
1960,51,0,5,7,273,5,4.7,1,5
1961,53,0,3,44,55,20,4.0,0,5
1962,19,1,2,4,171,20,4.4,0,1
1963,32,1,1,34,285,10,2.9,0,3
1964,51,0,4,2,476,20,2.6,1,5
1965,53,0,3,5,165,20,2.6,1,9
1966,23,0,2,10,212,0,3.5,0,10
1967,56,0,4,32,275,20,1.5,0,1
1968,59,0,4,42,279,15,3.3,0,8
1969,29,0,5,41,231,10,3.7,0,1
1970,20,1,4,13,298,5,2.8,0,9
1971,62,0,2,39,367,5,4.8,0,6
1972,35,0,2,5,259,0,3.4,1,1
1973,57,1,3,10,193,5,1.9,0,8
1974,38,0,3,10,441,5,2.9,0,5
1975,32,0,3,38,394,10,3.7,0,7
1976,50,0,4,27,145,10,2.3,1,7
1977,52,0,4,21,431,15,1.3,0,7
1978,43,0,5,8,395,0,3.3,1,6
1979,25,1,3,1,293,5,4.8,0,11
1980,53,0,1,28,135,15,2.9,0,8
1981,47,1,5,49,464,0,4.6,0,9
1982,40,1,1,39,443,5,4.3,0,12
1983,59,0,4,14,233,5,1.6,0,2
1984,61,1,5,21,170,10,3.8,0,7
1985,31,0,5,30,381,20,2.7,1,2
1986,31,1,2,21,141,0,2.0,0,6
1987,19,1,4,49,119,5,3.7,0,2
1988,54,0,4,9,453,0,4.0,0,10
1989,22,0,5,17,182,15,1.7,1,6
1990,55,0,4,5,328,15,4.7,0,2
1991,62,0,5,31,186,20,4.0,1,1
1992,58,0,2,40,363,5,4.7,0,7
1993,64,1,5,38,236,10,2.3,0,3
1994,31,1,4,43,270,5,4.8,1,14
1995,56,1,4,19,487,0,2.5,1,12
1996,42,1,5,36,95,15,1.2,0,14
1997,37,1,5,33,327,0,4.1,1,13
1998,19,1,5,13,241,20,3.8,1,4
1999,56,1,3,14,57,15,3.4,0,13
2000,23,0,4,33,428,10,3.0,0,6
